[debug] [2026-04-02T19:35:17.555Z] ----------------------------------------------------------------------
[debug] [2026-04-02T19:35:17.568Z] Command:       C:\Program Files\nodejs\node.exe C:\Users\44746\AppData\Roaming\npm\node_modules\firebase-tools\lib\bin\firebase.js deploy --project wale-491803 --only functions --config firebase.json
[debug] [2026-04-02T19:35:17.570Z] CLI Version:   15.12.0
[debug] [2026-04-02T19:35:17.570Z] Platform:      win32
[debug] [2026-04-02T19:35:17.571Z] Node Version:  v24.12.0
[debug] [2026-04-02T19:35:17.572Z] Time:          Thu Apr 02 2026 20:35:17 GMT+0100 (British Summer Time)
[debug] [2026-04-02T19:35:17.573Z] ----------------------------------------------------------------------
[debug] 
[debug] [2026-04-02T19:35:27.795Z] > command requires scopes: ["email","openid","https://www.googleapis.com/auth/cloudplatformprojects.readonly","https://www.googleapis.com/auth/firebase","https://www.googleapis.com/auth/cloud-platform"]
[debug] [2026-04-02T19:35:27.797Z] > authorizing via signed-in user (developers@ibrecruitment.com)
[debug] [2026-04-02T19:35:27.798Z] [iam] checking project wale-491803 for permissions ["cloudfunctions.functions.create","cloudfunctions.functions.delete","cloudfunctions.functions.get","cloudfunctions.functions.list","cloudfunctions.functions.update","cloudfunctions.operations.get","firebase.projects.get"]
[debug] [2026-04-02T19:35:27.804Z] Checked if tokens are valid: true, expires at: 1775161291195
[debug] [2026-04-02T19:35:27.804Z] Checked if tokens are valid: true, expires at: 1775161291195
[debug] [2026-04-02T19:35:27.808Z] >>> [apiv2][query] POST https://cloudresourcemanager.googleapis.com/v1/projects/wale-491803:testIamPermissions [none]
[debug] [2026-04-02T19:35:27.808Z] >>> [apiv2][(partial)header] POST https://cloudresourcemanager.googleapis.com/v1/projects/wale-491803:testIamPermissions  x-goog-user-project=wale-491803
[debug] [2026-04-02T19:35:27.809Z] >>> [apiv2][body] POST https://cloudresourcemanager.googleapis.com/v1/projects/wale-491803:testIamPermissions {"permissions":["cloudfunctions.functions.create","cloudfunctions.functions.delete","cloudfunctions.functions.get","cloudfunctions.functions.list","cloudfunctions.functions.update","cloudfunctions.operations.get","firebase.projects.get"]}
[debug] [2026-04-02T19:35:28.909Z] <<< [apiv2][status] POST https://cloudresourcemanager.googleapis.com/v1/projects/wale-491803:testIamPermissions 200
[debug] [2026-04-02T19:35:28.911Z] <<< [apiv2][body] POST https://cloudresourcemanager.googleapis.com/v1/projects/wale-491803:testIamPermissions {"permissions":["cloudfunctions.functions.create","cloudfunctions.functions.delete","cloudfunctions.functions.get","cloudfunctions.functions.list","cloudfunctions.functions.update","cloudfunctions.operations.get","firebase.projects.get"]}
[debug] [2026-04-02T19:35:28.912Z] Checked if tokens are valid: true, expires at: 1775161291195
[debug] [2026-04-02T19:35:28.913Z] Checked if tokens are valid: true, expires at: 1775161291195
[debug] [2026-04-02T19:35:28.913Z] >>> [apiv2][query] POST https://iam.googleapis.com/v1/projects/wale-491803/serviceAccounts/wale-491803@appspot.gserviceaccount.com:testIamPermissions [none]
[debug] [2026-04-02T19:35:28.913Z] >>> [apiv2][body] POST https://iam.googleapis.com/v1/projects/wale-491803/serviceAccounts/wale-491803@appspot.gserviceaccount.com:testIamPermissions {"permissions":["iam.serviceAccounts.actAs"]}
[debug] [2026-04-02T19:35:29.378Z] <<< [apiv2][status] POST https://iam.googleapis.com/v1/projects/wale-491803/serviceAccounts/wale-491803@appspot.gserviceaccount.com:testIamPermissions 200
[debug] [2026-04-02T19:35:29.378Z] <<< [apiv2][body] POST https://iam.googleapis.com/v1/projects/wale-491803/serviceAccounts/wale-491803@appspot.gserviceaccount.com:testIamPermissions {"permissions":["iam.serviceAccounts.actAs"]}
[info] 
[info] === Deploying to 'wale-491803'...
[info] 
[info] i  deploying functions 
[debug] [2026-04-02T19:35:29.404Z] Checked if tokens are valid: true, expires at: 1775161291195
[debug] [2026-04-02T19:35:29.405Z] Checked if tokens are valid: true, expires at: 1775161291195
[debug] [2026-04-02T19:35:29.405Z] >>> [apiv2][query] GET https://cloudresourcemanager.googleapis.com/v1/projects/wale-491803 [none]
[debug] [2026-04-02T19:35:29.575Z] <<< [apiv2][status] GET https://cloudresourcemanager.googleapis.com/v1/projects/wale-491803 200
[debug] [2026-04-02T19:35:29.576Z] <<< [apiv2][body] GET https://cloudresourcemanager.googleapis.com/v1/projects/wale-491803 {"projectNumber":"916707769747","projectId":"wale-491803","lifecycleState":"ACTIVE","name":"wale","createTime":"2026-03-30T03:17:01.110Z","configuredCapabilities":["projects/916707769747/capabilities/app-management"]}
[info] i  functions: preparing codebase default for deployment 
[info] i  functions: ensuring required API cloudfunctions.googleapis.com is enabled... 
[info] i  functions: ensuring required API cloudbuild.googleapis.com is enabled... 
[info] i  artifactregistry: ensuring required API artifactregistry.googleapis.com is enabled... 
[debug] [2026-04-02T19:35:29.590Z] Checked if tokens are valid: true, expires at: 1775161291195
[debug] [2026-04-02T19:35:29.591Z] Checked if tokens are valid: true, expires at: 1775161291195
[debug] [2026-04-02T19:35:29.591Z] >>> [apiv2][query] GET https://firebase.googleapis.com/v1beta1/projects/wale-491803/adminSdkConfig [none]
[debug] [2026-04-02T19:35:30.426Z] <<< [apiv2][status] GET https://firebase.googleapis.com/v1beta1/projects/wale-491803/adminSdkConfig 200
[debug] [2026-04-02T19:35:30.427Z] <<< [apiv2][body] GET https://firebase.googleapis.com/v1beta1/projects/wale-491803/adminSdkConfig {"projectId":"wale-491803","databaseURL":"https://wale-491803-default-rtdb.firebaseio.com","storageBucket":"wale-491803.firebasestorage.app"}
[debug] [2026-04-02T19:35:30.429Z] Checked if tokens are valid: true, expires at: 1775161291195
[debug] [2026-04-02T19:35:30.429Z] Checked if tokens are valid: true, expires at: 1775161291195
[debug] [2026-04-02T19:35:30.429Z] >>> [apiv2][query] GET https://runtimeconfig.googleapis.com/v1beta1/projects/wale-491803/configs [none]
[debug] [2026-04-02T19:35:31.521Z] <<< [apiv2][status] GET https://runtimeconfig.googleapis.com/v1beta1/projects/wale-491803/configs 200
[debug] [2026-04-02T19:35:31.521Z] <<< [apiv2][body] GET https://runtimeconfig.googleapis.com/v1beta1/projects/wale-491803/configs {"configs":[{"name":"projects/wale-491803/configs/mail"}]}
[debug] [2026-04-02T19:35:31.522Z] Checked if tokens are valid: true, expires at: 1775161291195
[debug] [2026-04-02T19:35:31.523Z] Checked if tokens are valid: true, expires at: 1775161291195
[debug] [2026-04-02T19:35:31.523Z] >>> [apiv2][query] GET https://runtimeconfig.googleapis.com/v1beta1/projects/wale-491803/configs/mail/variables [none]
[debug] [2026-04-02T19:35:31.698Z] <<< [apiv2][status] GET https://runtimeconfig.googleapis.com/v1beta1/projects/wale-491803/configs/mail/variables 200
[debug] [2026-04-02T19:35:31.698Z] <<< [apiv2][body] GET https://runtimeconfig.googleapis.com/v1beta1/projects/wale-491803/configs/mail/variables {"variables":[{"name":"projects/wale-491803/configs/mail/variables/smtp_secure","updateTime":"2026-04-02T14:10:32.607556857Z"},{"name":"projects/wale-491803/configs/mail/variables/smtp_user","updateTime":"2026-04-02T14:10:32.548096830Z"},{"name":"projects/wale-491803/configs/mail/variables/message_webhook_secret","updateTime":"2026-04-02T14:10:32.625873109Z"},{"name":"projects/wale-491803/configs/mail/variables/smtp_from","updateTime":"2026-04-02T14:10:32.605333392Z"},{"name":"projects/wale-491803/configs/mail/variables/smtp_host","updateTime":"2026-04-02T14:10:32.565280406Z"},{"name":"projects/wale-491803/configs/mail/variables/smtp_pass","updateTime":"2026-04-02T14:10:32.594482668Z"},{"name":"projects/wale-491803/configs/mail/variables/smtp_port","updateTime":"2026-04-02T14:10:32.565692146Z"}]}
[debug] [2026-04-02T19:35:31.699Z] Checked if tokens are valid: true, expires at: 1775161291195
[debug] [2026-04-02T19:35:31.699Z] Checked if tokens are valid: true, expires at: 1775161291195
[debug] [2026-04-02T19:35:31.700Z] Checked if tokens are valid: true, expires at: 1775161291195
[debug] [2026-04-02T19:35:31.700Z] Checked if tokens are valid: true, expires at: 1775161291195
[debug] [2026-04-02T19:35:31.700Z] Checked if tokens are valid: true, expires at: 1775161291195
[debug] [2026-04-02T19:35:31.701Z] Checked if tokens are valid: true, expires at: 1775161291195
[debug] [2026-04-02T19:35:31.701Z] Checked if tokens are valid: true, expires at: 1775161291195
[debug] [2026-04-02T19:35:31.701Z] Checked if tokens are valid: true, expires at: 1775161291195
[debug] [2026-04-02T19:35:31.702Z] Checked if tokens are valid: true, expires at: 1775161291195
[debug] [2026-04-02T19:35:31.702Z] Checked if tokens are valid: true, expires at: 1775161291195
[debug] [2026-04-02T19:35:31.702Z] Checked if tokens are valid: true, expires at: 1775161291195
[debug] [2026-04-02T19:35:31.702Z] Checked if tokens are valid: true, expires at: 1775161291195
[debug] [2026-04-02T19:35:31.703Z] Checked if tokens are valid: true, expires at: 1775161291195
[debug] [2026-04-02T19:35:31.703Z] Checked if tokens are valid: true, expires at: 1775161291195
[debug] [2026-04-02T19:35:31.704Z] >>> [apiv2][query] GET https://runtimeconfig.googleapis.com/v1beta1/projects/wale-491803/configs/mail/variables/smtp_secure [none]
[debug] [2026-04-02T19:35:31.705Z] >>> [apiv2][query] GET https://runtimeconfig.googleapis.com/v1beta1/projects/wale-491803/configs/mail/variables/smtp_user [none]
[debug] [2026-04-02T19:35:31.710Z] >>> [apiv2][query] GET https://runtimeconfig.googleapis.com/v1beta1/projects/wale-491803/configs/mail/variables/message_webhook_secret [none]
[debug] [2026-04-02T19:35:31.714Z] >>> [apiv2][query] GET https://runtimeconfig.googleapis.com/v1beta1/projects/wale-491803/configs/mail/variables/smtp_from [none]
[debug] [2026-04-02T19:35:31.720Z] >>> [apiv2][query] GET https://runtimeconfig.googleapis.com/v1beta1/projects/wale-491803/configs/mail/variables/smtp_host [none]
[debug] [2026-04-02T19:35:31.725Z] >>> [apiv2][query] GET https://runtimeconfig.googleapis.com/v1beta1/projects/wale-491803/configs/mail/variables/smtp_pass [none]
[debug] [2026-04-02T19:35:31.729Z] >>> [apiv2][query] GET https://runtimeconfig.googleapis.com/v1beta1/projects/wale-491803/configs/mail/variables/smtp_port [none]
[debug] [2026-04-02T19:35:31.939Z] <<< [apiv2][status] GET https://runtimeconfig.googleapis.com/v1beta1/projects/wale-491803/configs/mail/variables/smtp_secure 200
[debug] [2026-04-02T19:35:31.939Z] <<< [apiv2][body] GET https://runtimeconfig.googleapis.com/v1beta1/projects/wale-491803/configs/mail/variables/smtp_secure {"name":"projects/wale-491803/configs/mail/variables/smtp_secure","updateTime":"2026-04-02T14:10:32.607556857Z","text":"false"}
[debug] [2026-04-02T19:35:32.230Z] <<< [apiv2][status] GET https://runtimeconfig.googleapis.com/v1beta1/projects/wale-491803/configs/mail/variables/message_webhook_secret 200
[debug] [2026-04-02T19:35:32.231Z] <<< [apiv2][body] GET https://runtimeconfig.googleapis.com/v1beta1/projects/wale-491803/configs/mail/variables/message_webhook_secret {"name":"projects/wale-491803/configs/mail/variables/message_webhook_secret","updateTime":"2026-04-02T14:10:32.625873109Z","text":"49aea571db27cb93fa33275ca00b9389c93f611e5a1c54389e244ff291f885e8"}
[debug] [2026-04-02T19:35:32.232Z] <<< [apiv2][status] GET https://runtimeconfig.googleapis.com/v1beta1/projects/wale-491803/configs/mail/variables/smtp_host 200
[debug] [2026-04-02T19:35:32.232Z] <<< [apiv2][body] GET https://runtimeconfig.googleapis.com/v1beta1/projects/wale-491803/configs/mail/variables/smtp_host {"name":"projects/wale-491803/configs/mail/variables/smtp_host","updateTime":"2026-04-02T14:10:32.565280406Z","text":"smtp.eu.mailgun.org"}
[debug] [2026-04-02T19:35:32.235Z] <<< [apiv2][status] GET https://runtimeconfig.googleapis.com/v1beta1/projects/wale-491803/configs/mail/variables/smtp_pass 200
[debug] [2026-04-02T19:35:32.236Z] <<< [apiv2][body] GET https://runtimeconfig.googleapis.com/v1beta1/projects/wale-491803/configs/mail/variables/smtp_pass {"name":"projects/wale-491803/configs/mail/variables/smtp_pass","updateTime":"2026-04-02T14:10:32.594482668Z","text":"8bcffb56fe4e0012b7cb7ea2f4d79ea2-d488af3b-4893b5a2"}
[debug] [2026-04-02T19:35:32.237Z] <<< [apiv2][status] GET https://runtimeconfig.googleapis.com/v1beta1/projects/wale-491803/configs/mail/variables/smtp_port 200
[debug] [2026-04-02T19:35:32.238Z] <<< [apiv2][body] GET https://runtimeconfig.googleapis.com/v1beta1/projects/wale-491803/configs/mail/variables/smtp_port {"name":"projects/wale-491803/configs/mail/variables/smtp_port","updateTime":"2026-04-02T14:10:32.565692146Z","text":"587"}
[debug] [2026-04-02T19:35:32.713Z] <<< [apiv2][status] GET https://runtimeconfig.googleapis.com/v1beta1/projects/wale-491803/configs/mail/variables/smtp_user 200
[debug] [2026-04-02T19:35:32.713Z] <<< [apiv2][body] GET https://runtimeconfig.googleapis.com/v1beta1/projects/wale-491803/configs/mail/variables/smtp_user {"name":"projects/wale-491803/configs/mail/variables/smtp_user","updateTime":"2026-04-02T14:10:32.548096830Z","text":"admin@mac.ibrecruitment.com"}
[debug] [2026-04-02T19:35:32.723Z] <<< [apiv2][status] GET https://runtimeconfig.googleapis.com/v1beta1/projects/wale-491803/configs/mail/variables/smtp_from 200
[debug] [2026-04-02T19:35:32.724Z] <<< [apiv2][body] GET https://runtimeconfig.googleapis.com/v1beta1/projects/wale-491803/configs/mail/variables/smtp_from {"name":"projects/wale-491803/configs/mail/variables/smtp_from","updateTime":"2026-04-02T14:10:32.605333392Z","text":"admin@mac.ibrecruitment.com"}
[debug] [2026-04-02T19:35:32.730Z] Validating nodejs source
[warn] !  functions: package.json indicates an outdated version of firebase-functions. Please upgrade using npm install --save firebase-functions@latest in your functions directory. 
[warn] !  functions: Please note that there will be breaking changes when you upgrade. 
[debug] [2026-04-02T19:35:38.300Z] > [functions] package.json contents: {
  "name": "functions",
  "description": "Firebase Functions for IBR Group Intl",
  "scripts": {
    "start": "firebase emulators:start --only functions",
    "deploy": "firebase deploy --only functions"
  },
  "engines": {
    "node": "22"
  },
  "dependencies": {
    "firebase-admin": "^11.10.0",
    "firebase-functions": "^4.4.0",
    "@google-cloud/storage": "^6.9.0",
    "nodemailer": "^6.9.16"
  }
}
[debug] [2026-04-02T19:35:38.301Z] Building nodejs source
[info] i  functions: Loading and analyzing source code for codebase default to determine what to deploy 
[info] i  functions: You are using a version of firebase-functions SDK (4.9.0) that does not have support for the newest Firebase Extensions features. Please update firebase-functions SDK to >=5.1.0 to use them correctly 
[debug] [2026-04-02T19:35:38.317Z] Could not find functions.yaml. Must use http discovery
[debug] [2026-04-02T19:35:38.500Z] Found firebase-functions binary at 'C:\Users\44746\AppData\Local\Microsoft\WindowsApps\wget\repo\ibrgroupintl.github.io\functions\node_modules\.bin\firebase-functions'
[info] Serving at port 8981

[debug] [2026-04-02T19:35:44.028Z] Got response from /__/functions.yaml {"endpoints":{"getPostsCsv":{"platform":"gcfv1","labels":{},"availableMemoryMb":null,"timeoutSeconds":null,"minInstances":null,"maxInstances":null,"ingressSettings":null,"serviceAccountEmail":null,"vpc":null,"callableTrigger":{},"entryPoint":"getPostsCsv"},"adminMessageWebhook":{"platform":"gcfv1","availableMemoryMb":null,"timeoutSeconds":null,"minInstances":null,"maxInstances":null,"ingressSettings":null,"serviceAccountEmail":null,"vpc":null,"secretEnvironmentVariables":[{"key":"FUNCTIONS_CONFIG_EXPORT"}],"httpsTrigger":{},"entryPoint":"adminMessageWebhook"},"notifyMessageRecipient":{"platform":"gcfv1","availableMemoryMb":null,"timeoutSeconds":null,"minInstances":null,"maxInstances":null,"ingressSettings":null,"serviceAccountEmail":null,"vpc":null,"secretEnvironmentVariables":[{"key":"FUNCTIONS_CONFIG_EXPORT"}],"eventTrigger":{"eventType":"providers/cloud.firestore/eventTypes/document.create","eventFilters":{"resource":"projects/wale-491803/databases/(default)/documents/messages/{messageId}"},"retry":false},"labels":{},"entryPoint":"notifyMessageRecipient"}},"specVersion":"v1alpha1","requiredAPIs":[]}
[info] i  functions: preparing functions directory for uploading... 
[info] i  functions: packaged C:\Users\44746\AppData\Local\Microsoft\WindowsApps\wget\repo\ibrgroupintl.github.io\functions (43.3 KB) for uploading 
[debug] [2026-04-02T19:35:48.604Z] Checked if tokens are valid: true, expires at: 1775161291195
[debug] [2026-04-02T19:35:48.605Z] Checked if tokens are valid: true, expires at: 1775161291195
[debug] [2026-04-02T19:35:48.606Z] >>> [apiv2][query] GET https://cloudfunctions.googleapis.com/v1/projects/wale-491803/locations/-/functions [none]
[debug] [2026-04-02T19:35:49.533Z] <<< [apiv2][status] GET https://cloudfunctions.googleapis.com/v1/projects/wale-491803/locations/-/functions 200
[debug] [2026-04-02T19:35:49.534Z] <<< [apiv2][body] GET https://cloudfunctions.googleapis.com/v1/projects/wale-491803/locations/-/functions {"functions":[{"name":"projects/wale-491803/locations/us-central1/functions/getPostsCsv","httpsTrigger":{"url":"https://us-central1-wale-491803.cloudfunctions.net/getPostsCsv","securityLevel":"SECURE_ALWAYS"},"status":"OFFLINE","entryPoint":"getPostsCsv","timeout":"60s","availableMemoryMb":256,"serviceAccountEmail":"wale-491803@appspot.gserviceaccount.com","updateTime":"2026-04-02T19:30:12.622947433Z","versionId":"1","labels":{"deployment-tool":"cli-firebase","deployment-callable":"true","firebase-functions-hash":"acaae5c69133bda355599f8c188b256ccec05542"},"sourceUploadUrl":"https://storage.googleapis.com/uploads-730803098609.us-central1.cloudfunctions.appspot.com/4daf5b2f-db9d-41ea-8cd4-0a415ac41e18.zip","environmentVariables":{"FIREBASE_CONFIG":"{\"projectId\":\"wale-491803\",\"databaseURL\":\"https://wale-491803-default-rtdb.firebaseio.com\",\"storageBucket\":\"wale-491803.firebasestorage.app\"}","GCLOUD_PROJECT":"wale-491803","EVENTARC_CLOUD_EVENT_SOURCE":"projects/wale-491803/locations/us-central1/functions/getPostsCsv"},"runtime":"nodejs22","ingressSettings":"ALLOW_ALL","buildId":"842fb471-f08d-4a36-a11e-a035ade6cfe8","buildEnvironmentVariables":{"GOOGLE_NODE_RUN_SCRIPTS":""},"buildName":"projects/916707769747/locations/us-central1/builds/842fb471-f08d-4a36-a11e-a035ade6cfe8","dockerRegistry":"ARTIFACT_REGISTRY","automaticUpdatePolicy":{},"buildServiceAccount":"projects/wale-491803/serviceAccounts/916707769747-compute@developer.gserviceaccount.com","satisfiesPzi":true},{"name":"projects/wale-491803/locations/us-central1/functions/adminMessageWebhook","httpsTrigger":{"url":"https://us-central1-wale-491803.cloudfunctions.net/adminMessageWebhook","securityLevel":"SECURE_ALWAYS"},"status":"OFFLINE","entryPoint":"adminMessageWebhook","timeout":"60s","availableMemoryMb":256,"serviceAccountEmail":"wale-491803@appspot.gserviceaccount.com","updateTime":"2026-04-02T19:31:07.712287653Z","versionId":"1","labels":{"deployment-tool":"cli-firebase","firebase-functions-hash":"a1eea6385f7a262978796937570c80474a6bedf0"},"sourceUploadUrl":"https://storage.googleapis.com/uploads-730803098609.us-central1.cloudfunctions.appspot.com/4daf5b2f-db9d-41ea-8cd4-0a415ac41e18.zip","environmentVariables":{"FIREBASE_CONFIG":"{\"projectId\":\"wale-491803\",\"databaseURL\":\"https://wale-491803-default-rtdb.firebaseio.com\",\"storageBucket\":\"wale-491803.firebasestorage.app\"}","GCLOUD_PROJECT":"wale-491803","EVENTARC_CLOUD_EVENT_SOURCE":"projects/wale-491803/locations/us-central1/functions/adminMessageWebhook"},"runtime":"nodejs22","ingressSettings":"ALLOW_ALL","buildId":"98528cfd-98f7-4787-8007-b726c306bac2","buildEnvironmentVariables":{"GOOGLE_NODE_RUN_SCRIPTS":""},"secretEnvironmentVariables":[{"key":"FUNCTIONS_CONFIG_EXPORT","projectId":"916707769747","secret":"FUNCTIONS_CONFIG_EXPORT","version":"4"}],"buildName":"projects/916707769747/locations/us-central1/builds/98528cfd-98f7-4787-8007-b726c306bac2","dockerRegistry":"ARTIFACT_REGISTRY","automaticUpdatePolicy":{},"buildServiceAccount":"projects/wale-491803/serviceAccounts/916707769747-compute@developer.gserviceaccount.com","satisfiesPzi":true},{"name":"projects/wale-491803/locations/us-central1/functions/notifyMessageRecipient","eventTrigger":{"eventType":"providers/cloud.firestore/eventTypes/document.create","resource":"projects/wale-491803/databases/(default)/documents/messages/{messageId}","service":"firestore.googleapis.com","failurePolicy":{}},"status":"OFFLINE","entryPoint":"notifyMessageRecipient","timeout":"60s","availableMemoryMb":256,"serviceAccountEmail":"wale-491803@appspot.gserviceaccount.com","updateTime":"2026-04-02T19:31:06.810545093Z","versionId":"1","labels":{"deployment-tool":"cli-firebase","firebase-functions-hash":"a1eea6385f7a262978796937570c80474a6bedf0"},"sourceUploadUrl":"https://storage.googleapis.com/uploads-730803098609.us-central1.cloudfunctions.appspot.com/4daf5b2f-db9d-41ea-8cd4-0a415ac41e18.zip","environmentVariables":{"FIREBASE_CONFIG":"{\"projectId\":\"wale-491803\",\"databaseURL\":\"https://wale-491803-default-rtdb.firebaseio.com\",\"storageBucket\":\"wale-491803.firebasestorage.app\"}","GCLOUD_PROJECT":"wale-491803","EVENTARC_CLOUD_EVENT_SOURCE":"projects/wale-491803/locations/us-central1/functions/notifyMessageRecipient"},"runtime":"nodejs22","maxInstances":3000,"ingressSettings":"ALLOW_ALL","buildId":"58688a53-55aa-4564-ad64-6a3f4f4b8a64","buildEnvironmentVariables":{"GOOGLE_NODE_RUN_SCRIPTS":""},"secretEnvironmentVariables":[{"key":"FUNCTIONS_CONFIG_EXPORT","projectId":"916707769747","secret":"FUNCTIONS_CONFIG_EXPORT","version":"4"}],"buildName":"projects/916707769747/locations/us-central1/builds/58688a53-55aa-4564-ad64-6a3f4f4b8a64","dockerRegistry":"ARTIFACT_REGISTRY","automaticUpdatePolicy":{},"buildServiceAccount":"projects/wale-491803/serviceAccounts/916707769747-compute@developer.gserviceaccount.com","satisfiesPzi":true}]}
[debug] [2026-04-02T19:35:49.537Z] Checked if tokens are valid: true, expires at: 1775161291195
[debug] [2026-04-02T19:35:49.537Z] Checked if tokens are valid: true, expires at: 1775161291195
[debug] [2026-04-02T19:35:49.575Z] >>> [apiv2][query] GET https://cloudfunctions.googleapis.com/v2/projects/wale-491803/locations/-/functions filter=environment%3D%22GEN_2%22
[debug] [2026-04-02T19:35:50.161Z] <<< [apiv2][status] GET https://cloudfunctions.googleapis.com/v2/projects/wale-491803/locations/-/functions 200
[debug] [2026-04-02T19:35:50.161Z] <<< [apiv2][body] GET https://cloudfunctions.googleapis.com/v2/projects/wale-491803/locations/-/functions {}
[info] i  functions: ensuring required API secretmanager.googleapis.com is enabled... 
[debug] [2026-04-02T19:35:50.178Z] Checked if tokens are valid: true, expires at: 1775161291195
[debug] [2026-04-02T19:35:50.178Z] Checked if tokens are valid: true, expires at: 1775161291195
[debug] [2026-04-02T19:35:50.179Z] >>> [apiv2][query] GET https://secretmanager.googleapis.com/v1/projects/wale-491803/secrets/FUNCTIONS_CONFIG_EXPORT/versions/latest [none]
[debug] [2026-04-02T19:35:50.665Z] <<< [apiv2][status] GET https://secretmanager.googleapis.com/v1/projects/wale-491803/secrets/FUNCTIONS_CONFIG_EXPORT/versions/latest 200
[debug] [2026-04-02T19:35:50.665Z] <<< [apiv2][body] GET https://secretmanager.googleapis.com/v1/projects/wale-491803/secrets/FUNCTIONS_CONFIG_EXPORT/versions/latest {"name":"projects/916707769747/secrets/FUNCTIONS_CONFIG_EXPORT/versions/4","createTime":"2026-04-02T17:35:15.685057Z","state":"ENABLED","replicationStatus":{"automatic":{}},"etag":"\"164e7d9f980ec1\""}
[debug] [2026-04-02T19:35:50.666Z] Resolved secret version of FUNCTIONS_CONFIG_EXPORT to 4.
[debug] [2026-04-02T19:35:50.682Z] Checked if tokens are valid: true, expires at: 1775161291195
[debug] [2026-04-02T19:35:50.683Z] Checked if tokens are valid: true, expires at: 1775161291195
[debug] [2026-04-02T19:35:50.683Z] >>> [apiv2][query] GET https://cloudresourcemanager.googleapis.com/v1/projects/wale-491803 [none]
[debug] [2026-04-02T19:35:51.580Z] <<< [apiv2][status] GET https://cloudresourcemanager.googleapis.com/v1/projects/wale-491803 200
[debug] [2026-04-02T19:35:51.581Z] <<< [apiv2][body] GET https://cloudresourcemanager.googleapis.com/v1/projects/wale-491803 {"projectNumber":"916707769747","projectId":"wale-491803","lifecycleState":"ACTIVE","name":"wale","createTime":"2026-03-30T03:17:01.110Z","configuredCapabilities":["projects/916707769747/capabilities/app-management"]}
[debug] [2026-04-02T19:35:51.586Z] Checked if tokens are valid: true, expires at: 1775161291195
[debug] [2026-04-02T19:35:51.586Z] Checked if tokens are valid: true, expires at: 1775161291195
[debug] [2026-04-02T19:35:51.587Z] >>> [apiv2][query] POST https://cloudfunctions.googleapis.com/v1/projects/wale-491803/locations/us-central1/functions:generateUploadUrl [none]
[debug] [2026-04-02T19:35:51.588Z] >>> [apiv2][body] POST https://cloudfunctions.googleapis.com/v1/projects/wale-491803/locations/us-central1/functions:generateUploadUrl {}
[debug] [2026-04-02T19:35:52.204Z] <<< [apiv2][status] POST https://cloudfunctions.googleapis.com/v1/projects/wale-491803/locations/us-central1/functions:generateUploadUrl 200
[debug] [2026-04-02T19:35:52.204Z] <<< [apiv2][body] POST https://cloudfunctions.googleapis.com/v1/projects/wale-491803/locations/us-central1/functions:generateUploadUrl {"uploadUrl":"https://storage.googleapis.com/uploads-730803098609.us-central1.cloudfunctions.appspot.com/240d9444-541e-4c4c-b158-0acbfb0f7f48.zip?GoogleAccessId=service-916707769747@gcf-admin-robot.iam.gserviceaccount.com&Expires=1775160351&Signature=UZvLTECamNlFqR54jKohm3dyd%2F%2FiTJ3WKSoDrmKH8SDu7ML3GT8m7ZH0qnUZyFM96asK1m5X1bmwxPDkhvzk6ExBr6c7SC5coF8wQMJ5B%2BXxgTjLHJ6PK%2Bw7%2BCwcXjLQnNqd%2BFXWFg467feom3VDnwsYr9WrxrgaHn5XN4BKV1dfAsMORDcH7ltnHWhq9b3QqsS02rfKseuQhXxrP4PEHEPT9xdNKoXDcpfbZSgAuruuh%2BDvvyMfx6in0boOq467jyfTpkx0wNh3CpRY2xoXDhhormLKdLKE13SWDhqgn%2F573dYIT4EKO1CchLNhnMh8RCwDK%2FELCUXp9uJdV1ftHw%3D%3D"}
[debug] [2026-04-02T19:35:52.262Z] >>> [apiv2][query] PUT https://storage.googleapis.com/uploads-730803098609.us-central1.cloudfunctions.appspot.com/240d9444-541e-4c4c-b158-0acbfb0f7f48.zip GoogleAccessId=service-916707769747%40gcf-admin-robot.iam.gserviceaccount.com&Expires=1775160351&Signature=UZvLTECamNlFqR54jKohm3dyd%2F%2FiTJ3WKSoDrmKH8SDu7ML3GT8m7ZH0qnUZyFM96asK1m5X1bmwxPDkhvzk6ExBr6c7SC5coF8wQMJ5B%2BXxgTjLHJ6PK%2Bw7%2BCwcXjLQnNqd%2BFXWFg467feom3VDnwsYr9WrxrgaHn5XN4BKV1dfAsMORDcH7ltnHWhq9b3QqsS02rfKseuQhXxrP4PEHEPT9xdNKoXDcpfbZSgAuruuh%2BDvvyMfx6in0boOq467jyfTpkx0wNh3CpRY2xoXDhhormLKdLKE13SWDhqgn%2F573dYIT4EKO1CchLNhnMh8RCwDK%2FELCUXp9uJdV1ftHw%3D%3D
[debug] [2026-04-02T19:35:52.263Z] >>> [apiv2][body] PUT https://storage.googleapis.com/uploads-730803098609.us-central1.cloudfunctions.appspot.com/240d9444-541e-4c4c-b158-0acbfb0f7f48.zip [stream]
[debug] [2026-04-02T19:35:52.965Z] <<< [apiv2][status] PUT https://storage.googleapis.com/uploads-730803098609.us-central1.cloudfunctions.appspot.com/240d9444-541e-4c4c-b158-0acbfb0f7f48.zip 200
[debug] [2026-04-02T19:35:52.966Z] <<< [apiv2][body] PUT https://storage.googleapis.com/uploads-730803098609.us-central1.cloudfunctions.appspot.com/240d9444-541e-4c4c-b158-0acbfb0f7f48.zip [omitted]
[info] +  functions: functions source uploaded successfully 
[info] i  functions: updating Node.js 22 (1st Gen) function getPostsCsv(us-central1)... 
[info] i  functions: updating Node.js 22 (1st Gen) function adminMessageWebhook(us-central1)... 
[info] i  functions: updating Node.js 22 (1st Gen) function notifyMessageRecipient(us-central1)... 
[debug] [2026-04-02T19:35:52.987Z] Checked if tokens are valid: true, expires at: 1775161291195
[debug] [2026-04-02T19:35:52.988Z] Checked if tokens are valid: true, expires at: 1775161291195
[debug] [2026-04-02T19:35:52.988Z] >>> [apiv2][query] PATCH https://cloudfunctions.googleapis.com/v1/projects/wale-491803/locations/us-central1/functions/getPostsCsv updateMask=name%2CsourceUploadUrl%2CentryPoint%2Cruntime%2CdockerRegistry%2Clabels%2ChttpsTrigger.securityLevel%2CminInstances%2CmaxInstances%2CingressSettings%2CenvironmentVariables%2CserviceAccountEmail%2CavailableMemoryMb%2Ctimeout%2CvpcConnector%2CvpcConnectorEgressSettings%2CsourceToken%2CbuildEnvironmentVariables
[debug] [2026-04-02T19:35:52.989Z] >>> [apiv2][body] PATCH https://cloudfunctions.googleapis.com/v1/projects/wale-491803/locations/us-central1/functions/getPostsCsv {"name":"projects/wale-491803/locations/us-central1/functions/getPostsCsv","sourceUploadUrl":"https://storage.googleapis.com/uploads-730803098609.us-central1.cloudfunctions.appspot.com/240d9444-541e-4c4c-b158-0acbfb0f7f48.zip?GoogleAccessId=service-916707769747@gcf-admin-robot.iam.gserviceaccount.com&Expires=1775160351&Signature=UZvLTECamNlFqR54jKohm3dyd%2F%2FiTJ3WKSoDrmKH8SDu7ML3GT8m7ZH0qnUZyFM96asK1m5X1bmwxPDkhvzk6ExBr6c7SC5coF8wQMJ5B%2BXxgTjLHJ6PK%2Bw7%2BCwcXjLQnNqd%2BFXWFg467feom3VDnwsYr9WrxrgaHn5XN4BKV1dfAsMORDcH7ltnHWhq9b3QqsS02rfKseuQhXxrP4PEHEPT9xdNKoXDcpfbZSgAuruuh%2BDvvyMfx6in0boOq467jyfTpkx0wNh3CpRY2xoXDhhormLKdLKE13SWDhqgn%2F573dYIT4EKO1CchLNhnMh8RCwDK%2FELCUXp9uJdV1ftHw%3D%3D","entryPoint":"getPostsCsv","runtime":"nodejs22","dockerRegistry":"ARTIFACT_REGISTRY","labels":{"deployment-tool":"cli-firebase","deployment-callable":"true","firebase-functions-hash":"f8a00ea8f3cf26058626d75b231fa739e944913e"},"httpsTrigger":{"securityLevel":"SECURE_ALWAYS"},"minInstances":null,"maxInstances":null,"ingressSettings":null,"environmentVariables":{"FIREBASE_CONFIG":"{\"projectId\":\"wale-491803\",\"databaseURL\":\"https://wale-491803-default-rtdb.firebaseio.com\",\"storageBucket\":\"wale-491803.firebasestorage.app\"}","GCLOUD_PROJECT":"wale-491803","EVENTARC_CLOUD_EVENT_SOURCE":"projects/wale-491803/locations/us-central1/functions/getPostsCsv"},"serviceAccountEmail":null,"availableMemoryMb":null,"timeout":null,"vpcConnector":null,"vpcConnectorEgressSettings":null,"buildEnvironmentVariables":{"GOOGLE_NODE_RUN_SCRIPTS":""}}
[debug] [2026-04-02T19:35:53.782Z] <<< [apiv2][status] PATCH https://cloudfunctions.googleapis.com/v1/projects/wale-491803/locations/us-central1/functions/getPostsCsv 200
[debug] [2026-04-02T19:35:53.783Z] <<< [apiv2][body] PATCH https://cloudfunctions.googleapis.com/v1/projects/wale-491803/locations/us-central1/functions/getPostsCsv {"name":"operations/d2FsZS00OTE4MDMvdXMtY2VudHJhbDEvZ2V0UG9zdHNDc3YvQng4cElxWHB3eTQ","metadata":{"@type":"type.googleapis.com/google.cloud.functions.v1.OperationMetadataV1","target":"projects/wale-491803/locations/us-central1/functions/getPostsCsv","type":"UPDATE_FUNCTION","request":{"@type":"type.googleapis.com/google.cloud.functions.v1.CloudFunction","name":"projects/wale-491803/locations/us-central1/functions/getPostsCsv","httpsTrigger":{"url":"https://us-central1-wale-491803.cloudfunctions.net/getPostsCsv","securityLevel":"SECURE_ALWAYS"},"status":"OFFLINE","entryPoint":"getPostsCsv","updateTime":"2026-04-02T19:30:08.946Z","versionId":"1","labels":{"deployment-tool":"cli-firebase","deployment-callable":"true","firebase-functions-hash":"f8a00ea8f3cf26058626d75b231fa739e944913e"},"sourceUploadUrl":"https://storage.googleapis.com/uploads-730803098609.us-central1.cloudfunctions.appspot.com/240d9444-541e-4c4c-b158-0acbfb0f7f48.zip?GoogleAccessId=service-916707769747@gcf-admin-robot.iam.gserviceaccount.com&Expires=1775160351&Signature=UZvLTECamNlFqR54jKohm3dyd%2F%2FiTJ3WKSoDrmKH8SDu7ML3GT8m7ZH0qnUZyFM96asK1m5X1bmwxPDkhvzk6ExBr6c7SC5coF8wQMJ5B%2BXxgTjLHJ6PK%2Bw7%2BCwcXjLQnNqd%2BFXWFg467feom3VDnwsYr9WrxrgaHn5XN4BKV1dfAsMORDcH7ltnHWhq9b3QqsS02rfKseuQhXxrP4PEHEPT9xdNKoXDcpfbZSgAuruuh%2BDvvyMfx6in0boOq467jyfTpkx0wNh3CpRY2xoXDhhormLKdLKE13SWDhqgn%2F573dYIT4EKO1CchLNhnMh8RCwDK%2FELCUXp9uJdV1ftHw%3D%3D","environmentVariables":{"FIREBASE_CONFIG":"{\"projectId\":\"wale-491803\",\"databaseURL\":\"https://wale-491803-default-rtdb.firebaseio.com\",\"storageBucket\":\"wale-491803.firebasestorage.app\"}","GCLOUD_PROJECT":"wale-491803","EVENTARC_CLOUD_EVENT_SOURCE":"projects/wale-491803/locations/us-central1/functions/getPostsCsv"},"runtime":"nodejs22","buildId":"842fb471-f08d-4a36-a11e-a035ade6cfe8","buildEnvironmentVariables":{"GOOGLE_NODE_RUN_SCRIPTS":""},"buildName":"projects/916707769747/locations/us-central1/builds/842fb471-f08d-4a36-a11e-a035ade6cfe8","dockerRegistry":"ARTIFACT_REGISTRY","automaticUpdatePolicy":{},"buildServiceAccount":"projects/wale-491803/serviceAccounts/916707769747-compute@developer.gserviceaccount.com"},"versionId":"2","updateTime":"2026-04-02T19:35:53Z"}}
[debug] [2026-04-02T19:35:53.785Z] Checked if tokens are valid: true, expires at: 1775161291195
[debug] [2026-04-02T19:35:53.785Z] Checked if tokens are valid: true, expires at: 1775161291195
[debug] [2026-04-02T19:35:53.786Z] >>> [apiv2][query] GET https://cloudfunctions.googleapis.com/v1/operations/d2FsZS00OTE4MDMvdXMtY2VudHJhbDEvZ2V0UG9zdHNDc3YvQng4cElxWHB3eTQ [none]
[debug] [2026-04-02T19:35:53.971Z] <<< [apiv2][status] GET https://cloudfunctions.googleapis.com/v1/operations/d2FsZS00OTE4MDMvdXMtY2VudHJhbDEvZ2V0UG9zdHNDc3YvQng4cElxWHB3eTQ 200
[debug] [2026-04-02T19:35:53.971Z] <<< [apiv2][body] GET https://cloudfunctions.googleapis.com/v1/operations/d2FsZS00OTE4MDMvdXMtY2VudHJhbDEvZ2V0UG9zdHNDc3YvQng4cElxWHB3eTQ {"name":"operations/d2FsZS00OTE4MDMvdXMtY2VudHJhbDEvZ2V0UG9zdHNDc3YvQng4cElxWHB3eTQ","metadata":{"@type":"type.googleapis.com/google.cloud.functions.v1.OperationMetadataV1","target":"projects/wale-491803/locations/us-central1/functions/getPostsCsv","type":"UPDATE_FUNCTION","request":{"@type":"type.googleapis.com/google.cloud.functions.v1.CloudFunction","name":"projects/wale-491803/locations/us-central1/functions/getPostsCsv","httpsTrigger":{"url":"https://us-central1-wale-491803.cloudfunctions.net/getPostsCsv","securityLevel":"SECURE_ALWAYS"},"status":"OFFLINE","entryPoint":"getPostsCsv","updateTime":"2026-04-02T19:30:08.946Z","versionId":"1","labels":{"deployment-tool":"cli-firebase","deployment-callable":"true","firebase-functions-hash":"f8a00ea8f3cf26058626d75b231fa739e944913e"},"sourceUploadUrl":"https://storage.googleapis.com/uploads-730803098609.us-central1.cloudfunctions.appspot.com/240d9444-541e-4c4c-b158-0acbfb0f7f48.zip?GoogleAccessId=service-916707769747@gcf-admin-robot.iam.gserviceaccount.com&Expires=1775160351&Signature=UZvLTECamNlFqR54jKohm3dyd%2F%2FiTJ3WKSoDrmKH8SDu7ML3GT8m7ZH0qnUZyFM96asK1m5X1bmwxPDkhvzk6ExBr6c7SC5coF8wQMJ5B%2BXxgTjLHJ6PK%2Bw7%2BCwcXjLQnNqd%2BFXWFg467feom3VDnwsYr9WrxrgaHn5XN4BKV1dfAsMORDcH7ltnHWhq9b3QqsS02rfKseuQhXxrP4PEHEPT9xdNKoXDcpfbZSgAuruuh%2BDvvyMfx6in0boOq467jyfTpkx0wNh3CpRY2xoXDhhormLKdLKE13SWDhqgn%2F573dYIT4EKO1CchLNhnMh8RCwDK%2FELCUXp9uJdV1ftHw%3D%3D","environmentVariables":{"FIREBASE_CONFIG":"{\"projectId\":\"wale-491803\",\"databaseURL\":\"https://wale-491803-default-rtdb.firebaseio.com\",\"storageBucket\":\"wale-491803.firebasestorage.app\"}","GCLOUD_PROJECT":"wale-491803","EVENTARC_CLOUD_EVENT_SOURCE":"projects/wale-491803/locations/us-central1/functions/getPostsCsv"},"runtime":"nodejs22","buildId":"842fb471-f08d-4a36-a11e-a035ade6cfe8","buildEnvironmentVariables":{"GOOGLE_NODE_RUN_SCRIPTS":""},"buildName":"projects/916707769747/locations/us-central1/builds/842fb471-f08d-4a36-a11e-a035ade6cfe8","dockerRegistry":"ARTIFACT_REGISTRY","automaticUpdatePolicy":{},"buildServiceAccount":"projects/wale-491803/serviceAccounts/916707769747-compute@developer.gserviceaccount.com"},"versionId":"2","updateTime":"2026-04-02T19:35:53Z"}}
[debug] [2026-04-02T19:35:54.491Z] [update-default-us-central1-getPostsCsv] Retrying task index 0
[debug] [2026-04-02T19:35:54.492Z] Checked if tokens are valid: true, expires at: 1775161291195
[debug] [2026-04-02T19:35:54.492Z] Checked if tokens are valid: true, expires at: 1775161291195
[debug] [2026-04-02T19:35:54.493Z] >>> [apiv2][query] GET https://cloudfunctions.googleapis.com/v1/operations/d2FsZS00OTE4MDMvdXMtY2VudHJhbDEvZ2V0UG9zdHNDc3YvQng4cElxWHB3eTQ [none]
[debug] [2026-04-02T19:35:54.656Z] <<< [apiv2][status] GET https://cloudfunctions.googleapis.com/v1/operations/d2FsZS00OTE4MDMvdXMtY2VudHJhbDEvZ2V0UG9zdHNDc3YvQng4cElxWHB3eTQ 200
[debug] [2026-04-02T19:35:54.656Z] <<< [apiv2][body] GET https://cloudfunctions.googleapis.com/v1/operations/d2FsZS00OTE4MDMvdXMtY2VudHJhbDEvZ2V0UG9zdHNDc3YvQng4cElxWHB3eTQ {"name":"operations/d2FsZS00OTE4MDMvdXMtY2VudHJhbDEvZ2V0UG9zdHNDc3YvQng4cElxWHB3eTQ","metadata":{"@type":"type.googleapis.com/google.cloud.functions.v1.OperationMetadataV1","target":"projects/wale-491803/locations/us-central1/functions/getPostsCsv","type":"UPDATE_FUNCTION","request":{"@type":"type.googleapis.com/google.cloud.functions.v1.CloudFunction","name":"projects/wale-491803/locations/us-central1/functions/getPostsCsv","httpsTrigger":{"url":"https://us-central1-wale-491803.cloudfunctions.net/getPostsCsv","securityLevel":"SECURE_ALWAYS"},"status":"OFFLINE","entryPoint":"getPostsCsv","updateTime":"2026-04-02T19:30:08.946Z","versionId":"1","labels":{"deployment-tool":"cli-firebase","deployment-callable":"true","firebase-functions-hash":"f8a00ea8f3cf26058626d75b231fa739e944913e"},"sourceUploadUrl":"https://storage.googleapis.com/uploads-730803098609.us-central1.cloudfunctions.appspot.com/240d9444-541e-4c4c-b158-0acbfb0f7f48.zip?GoogleAccessId=service-916707769747@gcf-admin-robot.iam.gserviceaccount.com&Expires=1775160351&Signature=UZvLTECamNlFqR54jKohm3dyd%2F%2FiTJ3WKSoDrmKH8SDu7ML3GT8m7ZH0qnUZyFM96asK1m5X1bmwxPDkhvzk6ExBr6c7SC5coF8wQMJ5B%2BXxgTjLHJ6PK%2Bw7%2BCwcXjLQnNqd%2BFXWFg467feom3VDnwsYr9WrxrgaHn5XN4BKV1dfAsMORDcH7ltnHWhq9b3QqsS02rfKseuQhXxrP4PEHEPT9xdNKoXDcpfbZSgAuruuh%2BDvvyMfx6in0boOq467jyfTpkx0wNh3CpRY2xoXDhhormLKdLKE13SWDhqgn%2F573dYIT4EKO1CchLNhnMh8RCwDK%2FELCUXp9uJdV1ftHw%3D%3D","environmentVariables":{"FIREBASE_CONFIG":"{\"projectId\":\"wale-491803\",\"databaseURL\":\"https://wale-491803-default-rtdb.firebaseio.com\",\"storageBucket\":\"wale-491803.firebasestorage.app\"}","GCLOUD_PROJECT":"wale-491803","EVENTARC_CLOUD_EVENT_SOURCE":"projects/wale-491803/locations/us-central1/functions/getPostsCsv"},"runtime":"nodejs22","buildId":"842fb471-f08d-4a36-a11e-a035ade6cfe8","buildEnvironmentVariables":{"GOOGLE_NODE_RUN_SCRIPTS":""},"buildName":"projects/916707769747/locations/us-central1/builds/842fb471-f08d-4a36-a11e-a035ade6cfe8","dockerRegistry":"ARTIFACT_REGISTRY","automaticUpdatePolicy":{},"buildServiceAccount":"projects/wale-491803/serviceAccounts/916707769747-compute@developer.gserviceaccount.com"},"versionId":"2","updateTime":"2026-04-02T19:35:53Z"}}
[debug] [2026-04-02T19:35:55.665Z] [update-default-us-central1-getPostsCsv] Retrying task index 0
[debug] [2026-04-02T19:35:55.666Z] Checked if tokens are valid: true, expires at: 1775161291195
[debug] [2026-04-02T19:35:55.666Z] Checked if tokens are valid: true, expires at: 1775161291195
[debug] [2026-04-02T19:35:55.667Z] >>> [apiv2][query] GET https://cloudfunctions.googleapis.com/v1/operations/d2FsZS00OTE4MDMvdXMtY2VudHJhbDEvZ2V0UG9zdHNDc3YvQng4cElxWHB3eTQ [none]
[debug] [2026-04-02T19:35:55.827Z] <<< [apiv2][status] GET https://cloudfunctions.googleapis.com/v1/operations/d2FsZS00OTE4MDMvdXMtY2VudHJhbDEvZ2V0UG9zdHNDc3YvQng4cElxWHB3eTQ 200
[debug] [2026-04-02T19:35:55.827Z] <<< [apiv2][body] GET https://cloudfunctions.googleapis.com/v1/operations/d2FsZS00OTE4MDMvdXMtY2VudHJhbDEvZ2V0UG9zdHNDc3YvQng4cElxWHB3eTQ {"name":"operations/d2FsZS00OTE4MDMvdXMtY2VudHJhbDEvZ2V0UG9zdHNDc3YvQng4cElxWHB3eTQ","metadata":{"@type":"type.googleapis.com/google.cloud.functions.v1.OperationMetadataV1","target":"projects/wale-491803/locations/us-central1/functions/getPostsCsv","type":"UPDATE_FUNCTION","request":{"@type":"type.googleapis.com/google.cloud.functions.v1.CloudFunction","name":"projects/wale-491803/locations/us-central1/functions/getPostsCsv","httpsTrigger":{"url":"https://us-central1-wale-491803.cloudfunctions.net/getPostsCsv","securityLevel":"SECURE_ALWAYS"},"status":"OFFLINE","entryPoint":"getPostsCsv","updateTime":"2026-04-02T19:30:08.946Z","versionId":"1","labels":{"deployment-tool":"cli-firebase","deployment-callable":"true","firebase-functions-hash":"f8a00ea8f3cf26058626d75b231fa739e944913e"},"sourceUploadUrl":"https://storage.googleapis.com/uploads-730803098609.us-central1.cloudfunctions.appspot.com/240d9444-541e-4c4c-b158-0acbfb0f7f48.zip?GoogleAccessId=service-916707769747@gcf-admin-robot.iam.gserviceaccount.com&Expires=1775160351&Signature=UZvLTECamNlFqR54jKohm3dyd%2F%2FiTJ3WKSoDrmKH8SDu7ML3GT8m7ZH0qnUZyFM96asK1m5X1bmwxPDkhvzk6ExBr6c7SC5coF8wQMJ5B%2BXxgTjLHJ6PK%2Bw7%2BCwcXjLQnNqd%2BFXWFg467feom3VDnwsYr9WrxrgaHn5XN4BKV1dfAsMORDcH7ltnHWhq9b3QqsS02rfKseuQhXxrP4PEHEPT9xdNKoXDcpfbZSgAuruuh%2BDvvyMfx6in0boOq467jyfTpkx0wNh3CpRY2xoXDhhormLKdLKE13SWDhqgn%2F573dYIT4EKO1CchLNhnMh8RCwDK%2FELCUXp9uJdV1ftHw%3D%3D","environmentVariables":{"FIREBASE_CONFIG":"{\"projectId\":\"wale-491803\",\"databaseURL\":\"https://wale-491803-default-rtdb.firebaseio.com\",\"storageBucket\":\"wale-491803.firebasestorage.app\"}","GCLOUD_PROJECT":"wale-491803","EVENTARC_CLOUD_EVENT_SOURCE":"projects/wale-491803/locations/us-central1/functions/getPostsCsv"},"runtime":"nodejs22","buildId":"842fb471-f08d-4a36-a11e-a035ade6cfe8","buildEnvironmentVariables":{"GOOGLE_NODE_RUN_SCRIPTS":""},"buildName":"projects/916707769747/locations/us-central1/builds/842fb471-f08d-4a36-a11e-a035ade6cfe8","dockerRegistry":"ARTIFACT_REGISTRY","automaticUpdatePolicy":{},"buildServiceAccount":"projects/wale-491803/serviceAccounts/916707769747-compute@developer.gserviceaccount.com"},"versionId":"2","updateTime":"2026-04-02T19:35:53Z","buildId":"b41b2f5f-16ee-4550-8675-29622ce7925b","buildName":"projects/916707769747/locations/us-central1/builds/b41b2f5f-16ee-4550-8675-29622ce7925b"}}
[debug] [2026-04-02T19:35:57.840Z] [update-default-us-central1-getPostsCsv] Retrying task index 0
[debug] [2026-04-02T19:35:57.841Z] Checked if tokens are valid: true, expires at: 1775161291195
[debug] [2026-04-02T19:35:57.842Z] Checked if tokens are valid: true, expires at: 1775161291195
[debug] [2026-04-02T19:35:57.842Z] >>> [apiv2][query] GET https://cloudfunctions.googleapis.com/v1/operations/d2FsZS00OTE4MDMvdXMtY2VudHJhbDEvZ2V0UG9zdHNDc3YvQng4cElxWHB3eTQ [none]
[debug] [2026-04-02T19:35:58.052Z] <<< [apiv2][status] GET https://cloudfunctions.googleapis.com/v1/operations/d2FsZS00OTE4MDMvdXMtY2VudHJhbDEvZ2V0UG9zdHNDc3YvQng4cElxWHB3eTQ 200
[debug] [2026-04-02T19:35:58.053Z] <<< [apiv2][body] GET https://cloudfunctions.googleapis.com/v1/operations/d2FsZS00OTE4MDMvdXMtY2VudHJhbDEvZ2V0UG9zdHNDc3YvQng4cElxWHB3eTQ {"name":"operations/d2FsZS00OTE4MDMvdXMtY2VudHJhbDEvZ2V0UG9zdHNDc3YvQng4cElxWHB3eTQ","metadata":{"@type":"type.googleapis.com/google.cloud.functions.v1.OperationMetadataV1","target":"projects/wale-491803/locations/us-central1/functions/getPostsCsv","type":"UPDATE_FUNCTION","request":{"@type":"type.googleapis.com/google.cloud.functions.v1.CloudFunction","name":"projects/wale-491803/locations/us-central1/functions/getPostsCsv","httpsTrigger":{"url":"https://us-central1-wale-491803.cloudfunctions.net/getPostsCsv","securityLevel":"SECURE_ALWAYS"},"status":"OFFLINE","entryPoint":"getPostsCsv","updateTime":"2026-04-02T19:30:08.946Z","versionId":"1","labels":{"deployment-tool":"cli-firebase","deployment-callable":"true","firebase-functions-hash":"f8a00ea8f3cf26058626d75b231fa739e944913e"},"sourceUploadUrl":"https://storage.googleapis.com/uploads-730803098609.us-central1.cloudfunctions.appspot.com/240d9444-541e-4c4c-b158-0acbfb0f7f48.zip?GoogleAccessId=service-916707769747@gcf-admin-robot.iam.gserviceaccount.com&Expires=1775160351&Signature=UZvLTECamNlFqR54jKohm3dyd%2F%2FiTJ3WKSoDrmKH8SDu7ML3GT8m7ZH0qnUZyFM96asK1m5X1bmwxPDkhvzk6ExBr6c7SC5coF8wQMJ5B%2BXxgTjLHJ6PK%2Bw7%2BCwcXjLQnNqd%2BFXWFg467feom3VDnwsYr9WrxrgaHn5XN4BKV1dfAsMORDcH7ltnHWhq9b3QqsS02rfKseuQhXxrP4PEHEPT9xdNKoXDcpfbZSgAuruuh%2BDvvyMfx6in0boOq467jyfTpkx0wNh3CpRY2xoXDhhormLKdLKE13SWDhqgn%2F573dYIT4EKO1CchLNhnMh8RCwDK%2FELCUXp9uJdV1ftHw%3D%3D","environmentVariables":{"FIREBASE_CONFIG":"{\"projectId\":\"wale-491803\",\"databaseURL\":\"https://wale-491803-default-rtdb.firebaseio.com\",\"storageBucket\":\"wale-491803.firebasestorage.app\"}","GCLOUD_PROJECT":"wale-491803","EVENTARC_CLOUD_EVENT_SOURCE":"projects/wale-491803/locations/us-central1/functions/getPostsCsv"},"runtime":"nodejs22","buildId":"842fb471-f08d-4a36-a11e-a035ade6cfe8","buildEnvironmentVariables":{"GOOGLE_NODE_RUN_SCRIPTS":""},"buildName":"projects/916707769747/locations/us-central1/builds/842fb471-f08d-4a36-a11e-a035ade6cfe8","dockerRegistry":"ARTIFACT_REGISTRY","automaticUpdatePolicy":{},"buildServiceAccount":"projects/wale-491803/serviceAccounts/916707769747-compute@developer.gserviceaccount.com"},"versionId":"2","updateTime":"2026-04-02T19:35:53Z","buildId":"b41b2f5f-16ee-4550-8675-29622ce7925b","buildName":"projects/916707769747/locations/us-central1/builds/b41b2f5f-16ee-4550-8675-29622ce7925b"}}
[debug] [2026-04-02T19:36:02.061Z] [update-default-us-central1-getPostsCsv] Retrying task index 0
[debug] [2026-04-02T19:36:02.061Z] Checked if tokens are valid: true, expires at: 1775161291195
[debug] [2026-04-02T19:36:02.062Z] Checked if tokens are valid: true, expires at: 1775161291195
[debug] [2026-04-02T19:36:02.062Z] >>> [apiv2][query] GET https://cloudfunctions.googleapis.com/v1/operations/d2FsZS00OTE4MDMvdXMtY2VudHJhbDEvZ2V0UG9zdHNDc3YvQng4cElxWHB3eTQ [none]
[debug] [2026-04-02T19:36:02.232Z] <<< [apiv2][status] GET https://cloudfunctions.googleapis.com/v1/operations/d2FsZS00OTE4MDMvdXMtY2VudHJhbDEvZ2V0UG9zdHNDc3YvQng4cElxWHB3eTQ 200
[debug] [2026-04-02T19:36:02.232Z] <<< [apiv2][body] GET https://cloudfunctions.googleapis.com/v1/operations/d2FsZS00OTE4MDMvdXMtY2VudHJhbDEvZ2V0UG9zdHNDc3YvQng4cElxWHB3eTQ {"name":"operations/d2FsZS00OTE4MDMvdXMtY2VudHJhbDEvZ2V0UG9zdHNDc3YvQng4cElxWHB3eTQ","metadata":{"@type":"type.googleapis.com/google.cloud.functions.v1.OperationMetadataV1","target":"projects/wale-491803/locations/us-central1/functions/getPostsCsv","type":"UPDATE_FUNCTION","request":{"@type":"type.googleapis.com/google.cloud.functions.v1.CloudFunction","name":"projects/wale-491803/locations/us-central1/functions/getPostsCsv","httpsTrigger":{"url":"https://us-central1-wale-491803.cloudfunctions.net/getPostsCsv","securityLevel":"SECURE_ALWAYS"},"status":"OFFLINE","entryPoint":"getPostsCsv","updateTime":"2026-04-02T19:30:08.946Z","versionId":"1","labels":{"deployment-tool":"cli-firebase","deployment-callable":"true","firebase-functions-hash":"f8a00ea8f3cf26058626d75b231fa739e944913e"},"sourceUploadUrl":"https://storage.googleapis.com/uploads-730803098609.us-central1.cloudfunctions.appspot.com/240d9444-541e-4c4c-b158-0acbfb0f7f48.zip?GoogleAccessId=service-916707769747@gcf-admin-robot.iam.gserviceaccount.com&Expires=1775160351&Signature=UZvLTECamNlFqR54jKohm3dyd%2F%2FiTJ3WKSoDrmKH8SDu7ML3GT8m7ZH0qnUZyFM96asK1m5X1bmwxPDkhvzk6ExBr6c7SC5coF8wQMJ5B%2BXxgTjLHJ6PK%2Bw7%2BCwcXjLQnNqd%2BFXWFg467feom3VDnwsYr9WrxrgaHn5XN4BKV1dfAsMORDcH7ltnHWhq9b3QqsS02rfKseuQhXxrP4PEHEPT9xdNKoXDcpfbZSgAuruuh%2BDvvyMfx6in0boOq467jyfTpkx0wNh3CpRY2xoXDhhormLKdLKE13SWDhqgn%2F573dYIT4EKO1CchLNhnMh8RCwDK%2FELCUXp9uJdV1ftHw%3D%3D","environmentVariables":{"FIREBASE_CONFIG":"{\"projectId\":\"wale-491803\",\"databaseURL\":\"https://wale-491803-default-rtdb.firebaseio.com\",\"storageBucket\":\"wale-491803.firebasestorage.app\"}","GCLOUD_PROJECT":"wale-491803","EVENTARC_CLOUD_EVENT_SOURCE":"projects/wale-491803/locations/us-central1/functions/getPostsCsv"},"runtime":"nodejs22","buildId":"842fb471-f08d-4a36-a11e-a035ade6cfe8","buildEnvironmentVariables":{"GOOGLE_NODE_RUN_SCRIPTS":""},"buildName":"projects/916707769747/locations/us-central1/builds/842fb471-f08d-4a36-a11e-a035ade6cfe8","dockerRegistry":"ARTIFACT_REGISTRY","automaticUpdatePolicy":{},"buildServiceAccount":"projects/wale-491803/serviceAccounts/916707769747-compute@developer.gserviceaccount.com"},"versionId":"2","updateTime":"2026-04-02T19:35:53Z","buildId":"b41b2f5f-16ee-4550-8675-29622ce7925b","buildName":"projects/916707769747/locations/us-central1/builds/b41b2f5f-16ee-4550-8675-29622ce7925b"}}
[debug] [2026-04-02T19:36:10.241Z] [update-default-us-central1-getPostsCsv] Retrying task index 0
[debug] [2026-04-02T19:36:10.242Z] Checked if tokens are valid: true, expires at: 1775161291195
[debug] [2026-04-02T19:36:10.244Z] Checked if tokens are valid: true, expires at: 1775161291195
[debug] [2026-04-02T19:36:10.245Z] >>> [apiv2][query] GET https://cloudfunctions.googleapis.com/v1/operations/d2FsZS00OTE4MDMvdXMtY2VudHJhbDEvZ2V0UG9zdHNDc3YvQng4cElxWHB3eTQ [none]
[debug] [2026-04-02T19:36:10.725Z] <<< [apiv2][status] GET https://cloudfunctions.googleapis.com/v1/operations/d2FsZS00OTE4MDMvdXMtY2VudHJhbDEvZ2V0UG9zdHNDc3YvQng4cElxWHB3eTQ 200
[debug] [2026-04-02T19:36:10.726Z] <<< [apiv2][body] GET https://cloudfunctions.googleapis.com/v1/operations/d2FsZS00OTE4MDMvdXMtY2VudHJhbDEvZ2V0UG9zdHNDc3YvQng4cElxWHB3eTQ {"name":"operations/d2FsZS00OTE4MDMvdXMtY2VudHJhbDEvZ2V0UG9zdHNDc3YvQng4cElxWHB3eTQ","metadata":{"@type":"type.googleapis.com/google.cloud.functions.v1.OperationMetadataV1","target":"projects/wale-491803/locations/us-central1/functions/getPostsCsv","type":"UPDATE_FUNCTION","request":{"@type":"type.googleapis.com/google.cloud.functions.v1.CloudFunction","name":"projects/wale-491803/locations/us-central1/functions/getPostsCsv","httpsTrigger":{"url":"https://us-central1-wale-491803.cloudfunctions.net/getPostsCsv","securityLevel":"SECURE_ALWAYS"},"status":"OFFLINE","entryPoint":"getPostsCsv","updateTime":"2026-04-02T19:30:08.946Z","versionId":"1","labels":{"deployment-tool":"cli-firebase","deployment-callable":"true","firebase-functions-hash":"f8a00ea8f3cf26058626d75b231fa739e944913e"},"sourceUploadUrl":"https://storage.googleapis.com/uploads-730803098609.us-central1.cloudfunctions.appspot.com/240d9444-541e-4c4c-b158-0acbfb0f7f48.zip?GoogleAccessId=service-916707769747@gcf-admin-robot.iam.gserviceaccount.com&Expires=1775160351&Signature=UZvLTECamNlFqR54jKohm3dyd%2F%2FiTJ3WKSoDrmKH8SDu7ML3GT8m7ZH0qnUZyFM96asK1m5X1bmwxPDkhvzk6ExBr6c7SC5coF8wQMJ5B%2BXxgTjLHJ6PK%2Bw7%2BCwcXjLQnNqd%2BFXWFg467feom3VDnwsYr9WrxrgaHn5XN4BKV1dfAsMORDcH7ltnHWhq9b3QqsS02rfKseuQhXxrP4PEHEPT9xdNKoXDcpfbZSgAuruuh%2BDvvyMfx6in0boOq467jyfTpkx0wNh3CpRY2xoXDhhormLKdLKE13SWDhqgn%2F573dYIT4EKO1CchLNhnMh8RCwDK%2FELCUXp9uJdV1ftHw%3D%3D","environmentVariables":{"FIREBASE_CONFIG":"{\"projectId\":\"wale-491803\",\"databaseURL\":\"https://wale-491803-default-rtdb.firebaseio.com\",\"storageBucket\":\"wale-491803.firebasestorage.app\"}","GCLOUD_PROJECT":"wale-491803","EVENTARC_CLOUD_EVENT_SOURCE":"projects/wale-491803/locations/us-central1/functions/getPostsCsv"},"runtime":"nodejs22","buildId":"842fb471-f08d-4a36-a11e-a035ade6cfe8","buildEnvironmentVariables":{"GOOGLE_NODE_RUN_SCRIPTS":""},"buildName":"projects/916707769747/locations/us-central1/builds/842fb471-f08d-4a36-a11e-a035ade6cfe8","dockerRegistry":"ARTIFACT_REGISTRY","automaticUpdatePolicy":{},"buildServiceAccount":"projects/wale-491803/serviceAccounts/916707769747-compute@developer.gserviceaccount.com"},"versionId":"2","updateTime":"2026-04-02T19:35:53Z","buildId":"b41b2f5f-16ee-4550-8675-29622ce7925b","buildName":"projects/916707769747/locations/us-central1/builds/b41b2f5f-16ee-4550-8675-29622ce7925b"}}
[debug] [2026-04-02T19:36:20.741Z] [update-default-us-central1-getPostsCsv] Retrying task index 0
[debug] [2026-04-02T19:36:20.742Z] Checked if tokens are valid: true, expires at: 1775161291195
[debug] [2026-04-02T19:36:20.743Z] Checked if tokens are valid: true, expires at: 1775161291195
[debug] [2026-04-02T19:36:20.744Z] >>> [apiv2][query] GET https://cloudfunctions.googleapis.com/v1/operations/d2FsZS00OTE4MDMvdXMtY2VudHJhbDEvZ2V0UG9zdHNDc3YvQng4cElxWHB3eTQ [none]
[debug] [2026-04-02T19:36:21.219Z] <<< [apiv2][status] GET https://cloudfunctions.googleapis.com/v1/operations/d2FsZS00OTE4MDMvdXMtY2VudHJhbDEvZ2V0UG9zdHNDc3YvQng4cElxWHB3eTQ 200
[debug] [2026-04-02T19:36:21.219Z] <<< [apiv2][body] GET https://cloudfunctions.googleapis.com/v1/operations/d2FsZS00OTE4MDMvdXMtY2VudHJhbDEvZ2V0UG9zdHNDc3YvQng4cElxWHB3eTQ {"name":"operations/d2FsZS00OTE4MDMvdXMtY2VudHJhbDEvZ2V0UG9zdHNDc3YvQng4cElxWHB3eTQ","metadata":{"@type":"type.googleapis.com/google.cloud.functions.v1.OperationMetadataV1","target":"projects/wale-491803/locations/us-central1/functions/getPostsCsv","type":"UPDATE_FUNCTION","request":{"@type":"type.googleapis.com/google.cloud.functions.v1.CloudFunction","name":"projects/wale-491803/locations/us-central1/functions/getPostsCsv","httpsTrigger":{"url":"https://us-central1-wale-491803.cloudfunctions.net/getPostsCsv","securityLevel":"SECURE_ALWAYS"},"status":"OFFLINE","entryPoint":"getPostsCsv","updateTime":"2026-04-02T19:30:08.946Z","versionId":"1","labels":{"deployment-tool":"cli-firebase","deployment-callable":"true","firebase-functions-hash":"f8a00ea8f3cf26058626d75b231fa739e944913e"},"sourceUploadUrl":"https://storage.googleapis.com/uploads-730803098609.us-central1.cloudfunctions.appspot.com/240d9444-541e-4c4c-b158-0acbfb0f7f48.zip?GoogleAccessId=service-916707769747@gcf-admin-robot.iam.gserviceaccount.com&Expires=1775160351&Signature=UZvLTECamNlFqR54jKohm3dyd%2F%2FiTJ3WKSoDrmKH8SDu7ML3GT8m7ZH0qnUZyFM96asK1m5X1bmwxPDkhvzk6ExBr6c7SC5coF8wQMJ5B%2BXxgTjLHJ6PK%2Bw7%2BCwcXjLQnNqd%2BFXWFg467feom3VDnwsYr9WrxrgaHn5XN4BKV1dfAsMORDcH7ltnHWhq9b3QqsS02rfKseuQhXxrP4PEHEPT9xdNKoXDcpfbZSgAuruuh%2BDvvyMfx6in0boOq467jyfTpkx0wNh3CpRY2xoXDhhormLKdLKE13SWDhqgn%2F573dYIT4EKO1CchLNhnMh8RCwDK%2FELCUXp9uJdV1ftHw%3D%3D","environmentVariables":{"FIREBASE_CONFIG":"{\"projectId\":\"wale-491803\",\"databaseURL\":\"https://wale-491803-default-rtdb.firebaseio.com\",\"storageBucket\":\"wale-491803.firebasestorage.app\"}","GCLOUD_PROJECT":"wale-491803","EVENTARC_CLOUD_EVENT_SOURCE":"projects/wale-491803/locations/us-central1/functions/getPostsCsv"},"runtime":"nodejs22","buildId":"842fb471-f08d-4a36-a11e-a035ade6cfe8","buildEnvironmentVariables":{"GOOGLE_NODE_RUN_SCRIPTS":""},"buildName":"projects/916707769747/locations/us-central1/builds/842fb471-f08d-4a36-a11e-a035ade6cfe8","dockerRegistry":"ARTIFACT_REGISTRY","automaticUpdatePolicy":{},"buildServiceAccount":"projects/wale-491803/serviceAccounts/916707769747-compute@developer.gserviceaccount.com"},"versionId":"2","updateTime":"2026-04-02T19:35:53Z","buildId":"b41b2f5f-16ee-4550-8675-29622ce7925b","buildName":"projects/916707769747/locations/us-central1/builds/b41b2f5f-16ee-4550-8675-29622ce7925b"}}
[debug] [2026-04-02T19:36:31.234Z] [update-default-us-central1-getPostsCsv] Retrying task index 0
[debug] [2026-04-02T19:36:31.236Z] Checked if tokens are valid: true, expires at: 1775161291195
[debug] [2026-04-02T19:36:31.236Z] Checked if tokens are valid: true, expires at: 1775161291195
[debug] [2026-04-02T19:36:31.237Z] >>> [apiv2][query] GET https://cloudfunctions.googleapis.com/v1/operations/d2FsZS00OTE4MDMvdXMtY2VudHJhbDEvZ2V0UG9zdHNDc3YvQng4cElxWHB3eTQ [none]
[debug] [2026-04-02T19:36:31.723Z] <<< [apiv2][status] GET https://cloudfunctions.googleapis.com/v1/operations/d2FsZS00OTE4MDMvdXMtY2VudHJhbDEvZ2V0UG9zdHNDc3YvQng4cElxWHB3eTQ 200
[debug] [2026-04-02T19:36:31.723Z] <<< [apiv2][body] GET https://cloudfunctions.googleapis.com/v1/operations/d2FsZS00OTE4MDMvdXMtY2VudHJhbDEvZ2V0UG9zdHNDc3YvQng4cElxWHB3eTQ {"name":"operations/d2FsZS00OTE4MDMvdXMtY2VudHJhbDEvZ2V0UG9zdHNDc3YvQng4cElxWHB3eTQ","metadata":{"@type":"type.googleapis.com/google.cloud.functions.v1.OperationMetadataV1","target":"projects/wale-491803/locations/us-central1/functions/getPostsCsv","type":"UPDATE_FUNCTION","request":{"@type":"type.googleapis.com/google.cloud.functions.v1.CloudFunction","name":"projects/wale-491803/locations/us-central1/functions/getPostsCsv","httpsTrigger":{"url":"https://us-central1-wale-491803.cloudfunctions.net/getPostsCsv","securityLevel":"SECURE_ALWAYS"},"status":"OFFLINE","entryPoint":"getPostsCsv","updateTime":"2026-04-02T19:30:08.946Z","versionId":"1","labels":{"deployment-tool":"cli-firebase","deployment-callable":"true","firebase-functions-hash":"f8a00ea8f3cf26058626d75b231fa739e944913e"},"sourceUploadUrl":"https://storage.googleapis.com/uploads-730803098609.us-central1.cloudfunctions.appspot.com/240d9444-541e-4c4c-b158-0acbfb0f7f48.zip?GoogleAccessId=service-916707769747@gcf-admin-robot.iam.gserviceaccount.com&Expires=1775160351&Signature=UZvLTECamNlFqR54jKohm3dyd%2F%2FiTJ3WKSoDrmKH8SDu7ML3GT8m7ZH0qnUZyFM96asK1m5X1bmwxPDkhvzk6ExBr6c7SC5coF8wQMJ5B%2BXxgTjLHJ6PK%2Bw7%2BCwcXjLQnNqd%2BFXWFg467feom3VDnwsYr9WrxrgaHn5XN4BKV1dfAsMORDcH7ltnHWhq9b3QqsS02rfKseuQhXxrP4PEHEPT9xdNKoXDcpfbZSgAuruuh%2BDvvyMfx6in0boOq467jyfTpkx0wNh3CpRY2xoXDhhormLKdLKE13SWDhqgn%2F573dYIT4EKO1CchLNhnMh8RCwDK%2FELCUXp9uJdV1ftHw%3D%3D","environmentVariables":{"FIREBASE_CONFIG":"{\"projectId\":\"wale-491803\",\"databaseURL\":\"https://wale-491803-default-rtdb.firebaseio.com\",\"storageBucket\":\"wale-491803.firebasestorage.app\"}","GCLOUD_PROJECT":"wale-491803","EVENTARC_CLOUD_EVENT_SOURCE":"projects/wale-491803/locations/us-central1/functions/getPostsCsv"},"runtime":"nodejs22","buildId":"842fb471-f08d-4a36-a11e-a035ade6cfe8","buildEnvironmentVariables":{"GOOGLE_NODE_RUN_SCRIPTS":""},"buildName":"projects/916707769747/locations/us-central1/builds/842fb471-f08d-4a36-a11e-a035ade6cfe8","dockerRegistry":"ARTIFACT_REGISTRY","automaticUpdatePolicy":{},"buildServiceAccount":"projects/wale-491803/serviceAccounts/916707769747-compute@developer.gserviceaccount.com"},"versionId":"2","updateTime":"2026-04-02T19:36:22Z","buildId":"b41b2f5f-16ee-4550-8675-29622ce7925b","buildName":"projects/916707769747/locations/us-central1/builds/b41b2f5f-16ee-4550-8675-29622ce7925b"},"done":true,"error":{"code":3,"message":"Build failed: npm error code EUSAGE\nnpm error\nnpm error `npm ci` can only install packages when your package.json and package-lock.json or npm-shrinkwrap.json are in sync. Please update your lock file with `npm install` before continuing.\nnpm error\nnpm error Missing: acorn@8.16.0 from lock file\nnpm error Missing: @types/markdown-it@14.1.2 from lock file\nnpm error Missing: markdown-it@14.1.1 from lock file\nnpm error\nnpm error Clean install a project\nnpm error\nnpm error Usage:\nnpm error npm ci\nnpm error\nnpm error Options:\nnpm error [--install-strategy <hoisted|nested|shallow|linked>] [--legacy-bundling]\nnpm error [--global-style] [--omit <dev|optional|peer> [--omit <dev|optional|peer> ...]]\nnpm error [--include <prod|dev|optional|peer> [--include <prod|dev|optional|peer> ...]]\nnpm error [--strict-peer-deps] [--foreground-scripts] [--ignore-scripts] [--no-audit]\nnpm error [--no-bin-links] [--no-fund] [--dry-run]\nnpm error [-w|--workspace <workspace-name> [-w|--workspace <workspace-name> ...]]\nnpm error [-ws|--workspaces] [--include-workspace-root] [--install-links]\nnpm error\nnpm error aliases: clean-install, ic, install-clean, isntall-clean\nnpm error\nnpm error Run \"npm help ci\" for more info\nnpm error A complete log of this run can be found in: /www-data-home/.npm/_logs/2026-04-02T19_36_06_794Z-debug-0.log; Error ID: 7fa33aaa"}}
[debug] [2026-04-02T19:36:31.724Z] Got source token undefined for region us-central1
[debug] [2026-04-02T19:36:31.724Z] Checked if tokens are valid: true, expires at: 1775161291195
[debug] [2026-04-02T19:36:31.725Z] Checked if tokens are valid: true, expires at: 1775161291195
[debug] [2026-04-02T19:36:31.725Z] Checked if tokens are valid: true, expires at: 1775161291195
[debug] [2026-04-02T19:36:31.725Z] Checked if tokens are valid: true, expires at: 1775161291195
[debug] [2026-04-02T19:36:31.726Z] >>> [apiv2][query] PATCH https://cloudfunctions.googleapis.com/v1/projects/wale-491803/locations/us-central1/functions/adminMessageWebhook updateMask=name%2CsourceUploadUrl%2CentryPoint%2Cruntime%2CdockerRegistry%2Clabels%2ChttpsTrigger.securityLevel%2CminInstances%2CmaxInstances%2CingressSettings%2CenvironmentVariables%2CsecretEnvironmentVariables%2CserviceAccountEmail%2CavailableMemoryMb%2Ctimeout%2CvpcConnector%2CvpcConnectorEgressSettings%2CsourceToken%2CbuildEnvironmentVariables
[debug] [2026-04-02T19:36:31.726Z] >>> [apiv2][body] PATCH https://cloudfunctions.googleapis.com/v1/projects/wale-491803/locations/us-central1/functions/adminMessageWebhook {"name":"projects/wale-491803/locations/us-central1/functions/adminMessageWebhook","sourceUploadUrl":"https://storage.googleapis.com/uploads-730803098609.us-central1.cloudfunctions.appspot.com/240d9444-541e-4c4c-b158-0acbfb0f7f48.zip?GoogleAccessId=service-916707769747@gcf-admin-robot.iam.gserviceaccount.com&Expires=1775160351&Signature=UZvLTECamNlFqR54jKohm3dyd%2F%2FiTJ3WKSoDrmKH8SDu7ML3GT8m7ZH0qnUZyFM96asK1m5X1bmwxPDkhvzk6ExBr6c7SC5coF8wQMJ5B%2BXxgTjLHJ6PK%2Bw7%2BCwcXjLQnNqd%2BFXWFg467feom3VDnwsYr9WrxrgaHn5XN4BKV1dfAsMORDcH7ltnHWhq9b3QqsS02rfKseuQhXxrP4PEHEPT9xdNKoXDcpfbZSgAuruuh%2BDvvyMfx6in0boOq467jyfTpkx0wNh3CpRY2xoXDhhormLKdLKE13SWDhqgn%2F573dYIT4EKO1CchLNhnMh8RCwDK%2FELCUXp9uJdV1ftHw%3D%3D","entryPoint":"adminMessageWebhook","runtime":"nodejs22","dockerRegistry":"ARTIFACT_REGISTRY","labels":{"deployment-tool":"cli-firebase","firebase-functions-hash":"87ed369c6e93b5dbd2d62618e45365784c0e8641"},"httpsTrigger":{"securityLevel":"SECURE_ALWAYS"},"minInstances":null,"maxInstances":null,"ingressSettings":null,"environmentVariables":{"FIREBASE_CONFIG":"{\"projectId\":\"wale-491803\",\"databaseURL\":\"https://wale-491803-default-rtdb.firebaseio.com\",\"storageBucket\":\"wale-491803.firebasestorage.app\"}","GCLOUD_PROJECT":"wale-491803","EVENTARC_CLOUD_EVENT_SOURCE":"projects/wale-491803/locations/us-central1/functions/adminMessageWebhook"},"secretEnvironmentVariables":[{"key":"FUNCTIONS_CONFIG_EXPORT","secret":"FUNCTIONS_CONFIG_EXPORT","projectId":"wale-491803","version":"4"}],"serviceAccountEmail":null,"availableMemoryMb":null,"timeout":null,"vpcConnector":null,"vpcConnectorEgressSettings":null,"buildEnvironmentVariables":{"GOOGLE_NODE_RUN_SCRIPTS":""}}
[debug] [2026-04-02T19:36:31.728Z] >>> [apiv2][query] PATCH https://cloudfunctions.googleapis.com/v1/projects/wale-491803/locations/us-central1/functions/notifyMessageRecipient updateMask=name%2CsourceUploadUrl%2CentryPoint%2Cruntime%2CdockerRegistry%2Clabels%2CeventTrigger.eventType%2CeventTrigger.resource%2CeventTrigger.failurePolicy%2CminInstances%2CmaxInstances%2CingressSettings%2CenvironmentVariables%2CsecretEnvironmentVariables%2CserviceAccountEmail%2CavailableMemoryMb%2Ctimeout%2CvpcConnector%2CvpcConnectorEgressSettings%2CsourceToken%2CbuildEnvironmentVariables
[debug] [2026-04-02T19:36:31.728Z] >>> [apiv2][body] PATCH https://cloudfunctions.googleapis.com/v1/projects/wale-491803/locations/us-central1/functions/notifyMessageRecipient {"name":"projects/wale-491803/locations/us-central1/functions/notifyMessageRecipient","sourceUploadUrl":"https://storage.googleapis.com/uploads-730803098609.us-central1.cloudfunctions.appspot.com/240d9444-541e-4c4c-b158-0acbfb0f7f48.zip?GoogleAccessId=service-916707769747@gcf-admin-robot.iam.gserviceaccount.com&Expires=1775160351&Signature=UZvLTECamNlFqR54jKohm3dyd%2F%2FiTJ3WKSoDrmKH8SDu7ML3GT8m7ZH0qnUZyFM96asK1m5X1bmwxPDkhvzk6ExBr6c7SC5coF8wQMJ5B%2BXxgTjLHJ6PK%2Bw7%2BCwcXjLQnNqd%2BFXWFg467feom3VDnwsYr9WrxrgaHn5XN4BKV1dfAsMORDcH7ltnHWhq9b3QqsS02rfKseuQhXxrP4PEHEPT9xdNKoXDcpfbZSgAuruuh%2BDvvyMfx6in0boOq467jyfTpkx0wNh3CpRY2xoXDhhormLKdLKE13SWDhqgn%2F573dYIT4EKO1CchLNhnMh8RCwDK%2FELCUXp9uJdV1ftHw%3D%3D","entryPoint":"notifyMessageRecipient","runtime":"nodejs22","dockerRegistry":"ARTIFACT_REGISTRY","labels":{"deployment-tool":"cli-firebase","firebase-functions-hash":"87ed369c6e93b5dbd2d62618e45365784c0e8641"},"eventTrigger":{"eventType":"providers/cloud.firestore/eventTypes/document.create","resource":"projects/wale-491803/databases/(default)/documents/messages/{messageId}"},"minInstances":null,"maxInstances":null,"ingressSettings":null,"environmentVariables":{"FIREBASE_CONFIG":"{\"projectId\":\"wale-491803\",\"databaseURL\":\"https://wale-491803-default-rtdb.firebaseio.com\",\"storageBucket\":\"wale-491803.firebasestorage.app\"}","GCLOUD_PROJECT":"wale-491803","EVENTARC_CLOUD_EVENT_SOURCE":"projects/wale-491803/locations/us-central1/functions/notifyMessageRecipient"},"secretEnvironmentVariables":[{"key":"FUNCTIONS_CONFIG_EXPORT","secret":"FUNCTIONS_CONFIG_EXPORT","projectId":"wale-491803","version":"4"}],"serviceAccountEmail":null,"availableMemoryMb":null,"timeout":null,"vpcConnector":null,"vpcConnectorEgressSettings":null,"buildEnvironmentVariables":{"GOOGLE_NODE_RUN_SCRIPTS":""}}
[error] Build failed: npm error code EUSAGE
npm error
npm error `npm ci` can only install packages when your package.json and package-lock.json or npm-shrinkwrap.json are in sync. Please update your lock file with `npm install` before continuing.
npm error
npm error Missing: acorn@8.16.0 from lock file
npm error Missing: @types/markdown-it@14.1.2 from lock file
npm error Missing: markdown-it@14.1.1 from lock file
npm error
npm error Clean install a project
npm error
npm error Usage:
npm error npm ci
npm error
npm error Options:
npm error [--install-strategy <hoisted|nested|shallow|linked>] [--legacy-bundling]
npm error [--global-style] [--omit <dev|optional|peer> [--omit <dev|optional|peer> ...]]
npm error [--include <prod|dev|optional|peer> [--include <prod|dev|optional|peer> ...]]
npm error [--strict-peer-deps] [--foreground-scripts] [--ignore-scripts] [--no-audit]
npm error [--no-bin-links] [--no-fund] [--dry-run]
npm error [-w|--workspace <workspace-name> [-w|--workspace <workspace-name> ...]]
npm error [-ws|--workspaces] [--include-workspace-root] [--install-links]
npm error
npm error aliases: clean-install, ic, install-clean, isntall-clean
npm error
npm error Run "npm help ci" for more info
npm error A complete log of this run can be found in: /www-data-home/.npm/_logs/2026-04-02T19_36_06_794Z-debug-0.log; Error ID: 7fa33aaa
[debug] [2026-04-02T19:36:32.354Z] <<< [apiv2][status] PATCH https://cloudfunctions.googleapis.com/v1/projects/wale-491803/locations/us-central1/functions/adminMessageWebhook 200
[debug] [2026-04-02T19:36:32.354Z] <<< [apiv2][body] PATCH https://cloudfunctions.googleapis.com/v1/projects/wale-491803/locations/us-central1/functions/adminMessageWebhook {"name":"operations/d2FsZS00OTE4MDMvdXMtY2VudHJhbDEvYWRtaW5NZXNzYWdlV2ViaG9vay9sb0hhSEFsYnRHZw","metadata":{"@type":"type.googleapis.com/google.cloud.functions.v1.OperationMetadataV1","target":"projects/wale-491803/locations/us-central1/functions/adminMessageWebhook","type":"UPDATE_FUNCTION","request":{"@type":"type.googleapis.com/google.cloud.functions.v1.CloudFunction","name":"projects/wale-491803/locations/us-central1/functions/adminMessageWebhook","httpsTrigger":{"url":"https://us-central1-wale-491803.cloudfunctions.net/adminMessageWebhook","securityLevel":"SECURE_ALWAYS"},"status":"OFFLINE","entryPoint":"adminMessageWebhook","updateTime":"2026-04-02T19:31:05.321Z","versionId":"1","labels":{"deployment-tool":"cli-firebase","firebase-functions-hash":"87ed369c6e93b5dbd2d62618e45365784c0e8641"},"sourceUploadUrl":"https://storage.googleapis.com/uploads-730803098609.us-central1.cloudfunctions.appspot.com/240d9444-541e-4c4c-b158-0acbfb0f7f48.zip?GoogleAccessId=service-916707769747@gcf-admin-robot.iam.gserviceaccount.com&Expires=1775160351&Signature=UZvLTECamNlFqR54jKohm3dyd%2F%2FiTJ3WKSoDrmKH8SDu7ML3GT8m7ZH0qnUZyFM96asK1m5X1bmwxPDkhvzk6ExBr6c7SC5coF8wQMJ5B%2BXxgTjLHJ6PK%2Bw7%2BCwcXjLQnNqd%2BFXWFg467feom3VDnwsYr9WrxrgaHn5XN4BKV1dfAsMORDcH7ltnHWhq9b3QqsS02rfKseuQhXxrP4PEHEPT9xdNKoXDcpfbZSgAuruuh%2BDvvyMfx6in0boOq467jyfTpkx0wNh3CpRY2xoXDhhormLKdLKE13SWDhqgn%2F573dYIT4EKO1CchLNhnMh8RCwDK%2FELCUXp9uJdV1ftHw%3D%3D","environmentVariables":{"FIREBASE_CONFIG":"{\"projectId\":\"wale-491803\",\"databaseURL\":\"https://wale-491803-default-rtdb.firebaseio.com\",\"storageBucket\":\"wale-491803.firebasestorage.app\"}","GCLOUD_PROJECT":"wale-491803","EVENTARC_CLOUD_EVENT_SOURCE":"projects/wale-491803/locations/us-central1/functions/adminMessageWebhook"},"runtime":"nodejs22","buildId":"98528cfd-98f7-4787-8007-b726c306bac2","buildEnvironmentVariables":{"GOOGLE_NODE_RUN_SCRIPTS":""},"secretEnvironmentVariables":[{"key":"FUNCTIONS_CONFIG_EXPORT","projectId":"wale-491803","secret":"FUNCTIONS_CONFIG_EXPORT","version":"4"}],"buildName":"projects/916707769747/locations/us-central1/builds/98528cfd-98f7-4787-8007-b726c306bac2","dockerRegistry":"ARTIFACT_REGISTRY","automaticUpdatePolicy":{},"buildServiceAccount":"projects/wale-491803/serviceAccounts/916707769747-compute@developer.gserviceaccount.com"},"versionId":"2","updateTime":"2026-04-02T19:36:31Z"}}
[debug] [2026-04-02T19:36:32.355Z] Checked if tokens are valid: true, expires at: 1775161291195
[debug] [2026-04-02T19:36:32.355Z] Checked if tokens are valid: true, expires at: 1775161291195
[debug] [2026-04-02T19:36:32.356Z] >>> [apiv2][query] GET https://cloudfunctions.googleapis.com/v1/operations/d2FsZS00OTE4MDMvdXMtY2VudHJhbDEvYWRtaW5NZXNzYWdlV2ViaG9vay9sb0hhSEFsYnRHZw [none]
[debug] [2026-04-02T19:36:32.461Z] <<< [apiv2][status] PATCH https://cloudfunctions.googleapis.com/v1/projects/wale-491803/locations/us-central1/functions/notifyMessageRecipient 200
[debug] [2026-04-02T19:36:32.461Z] <<< [apiv2][body] PATCH https://cloudfunctions.googleapis.com/v1/projects/wale-491803/locations/us-central1/functions/notifyMessageRecipient {"name":"operations/d2FsZS00OTE4MDMvdXMtY2VudHJhbDEvbm90aWZ5TWVzc2FnZVJlY2lwaWVudC9XXzgtT3AwREYzTQ","metadata":{"@type":"type.googleapis.com/google.cloud.functions.v1.OperationMetadataV1","target":"projects/wale-491803/locations/us-central1/functions/notifyMessageRecipient","type":"UPDATE_FUNCTION","request":{"@type":"type.googleapis.com/google.cloud.functions.v1.CloudFunction","name":"projects/wale-491803/locations/us-central1/functions/notifyMessageRecipient","eventTrigger":{"eventType":"providers/cloud.firestore/eventTypes/document.create","resource":"projects/wale-491803/databases/(default)/documents/messages/{messageId}","service":"firestore.googleapis.com"},"status":"OFFLINE","entryPoint":"notifyMessageRecipient","updateTime":"2026-04-02T19:31:03.169Z","versionId":"1","labels":{"deployment-tool":"cli-firebase","firebase-functions-hash":"87ed369c6e93b5dbd2d62618e45365784c0e8641"},"sourceUploadUrl":"https://storage.googleapis.com/uploads-730803098609.us-central1.cloudfunctions.appspot.com/240d9444-541e-4c4c-b158-0acbfb0f7f48.zip?GoogleAccessId=service-916707769747@gcf-admin-robot.iam.gserviceaccount.com&Expires=1775160351&Signature=UZvLTECamNlFqR54jKohm3dyd%2F%2FiTJ3WKSoDrmKH8SDu7ML3GT8m7ZH0qnUZyFM96asK1m5X1bmwxPDkhvzk6ExBr6c7SC5coF8wQMJ5B%2BXxgTjLHJ6PK%2Bw7%2BCwcXjLQnNqd%2BFXWFg467feom3VDnwsYr9WrxrgaHn5XN4BKV1dfAsMORDcH7ltnHWhq9b3QqsS02rfKseuQhXxrP4PEHEPT9xdNKoXDcpfbZSgAuruuh%2BDvvyMfx6in0boOq467jyfTpkx0wNh3CpRY2xoXDhhormLKdLKE13SWDhqgn%2F573dYIT4EKO1CchLNhnMh8RCwDK%2FELCUXp9uJdV1ftHw%3D%3D","environmentVariables":{"FIREBASE_CONFIG":"{\"projectId\":\"wale-491803\",\"databaseURL\":\"https://wale-491803-default-rtdb.firebaseio.com\",\"storageBucket\":\"wale-491803.firebasestorage.app\"}","GCLOUD_PROJECT":"wale-491803","EVENTARC_CLOUD_EVENT_SOURCE":"projects/wale-491803/locations/us-central1/functions/notifyMessageRecipient"},"runtime":"nodejs22","buildId":"58688a53-55aa-4564-ad64-6a3f4f4b8a64","buildEnvironmentVariables":{"GOOGLE_NODE_RUN_SCRIPTS":""},"secretEnvironmentVariables":[{"key":"FUNCTIONS_CONFIG_EXPORT","projectId":"wale-491803","secret":"FUNCTIONS_CONFIG_EXPORT","version":"4"}],"buildName":"projects/916707769747/locations/us-central1/builds/58688a53-55aa-4564-ad64-6a3f4f4b8a64","dockerRegistry":"ARTIFACT_REGISTRY","automaticUpdatePolicy":{},"buildServiceAccount":"projects/wale-491803/serviceAccounts/916707769747-compute@developer.gserviceaccount.com"},"versionId":"2","updateTime":"2026-04-02T19:36:32Z"}}
[debug] [2026-04-02T19:36:32.462Z] Checked if tokens are valid: true, expires at: 1775161291195
[debug] [2026-04-02T19:36:32.462Z] Checked if tokens are valid: true, expires at: 1775161291195
[debug] [2026-04-02T19:36:32.463Z] >>> [apiv2][query] GET https://cloudfunctions.googleapis.com/v1/operations/d2FsZS00OTE4MDMvdXMtY2VudHJhbDEvbm90aWZ5TWVzc2FnZVJlY2lwaWVudC9XXzgtT3AwREYzTQ [none]
[debug] [2026-04-02T19:36:32.539Z] <<< [apiv2][status] GET https://cloudfunctions.googleapis.com/v1/operations/d2FsZS00OTE4MDMvdXMtY2VudHJhbDEvYWRtaW5NZXNzYWdlV2ViaG9vay9sb0hhSEFsYnRHZw 200
[debug] [2026-04-02T19:36:32.540Z] <<< [apiv2][body] GET https://cloudfunctions.googleapis.com/v1/operations/d2FsZS00OTE4MDMvdXMtY2VudHJhbDEvYWRtaW5NZXNzYWdlV2ViaG9vay9sb0hhSEFsYnRHZw {"name":"operations/d2FsZS00OTE4MDMvdXMtY2VudHJhbDEvYWRtaW5NZXNzYWdlV2ViaG9vay9sb0hhSEFsYnRHZw","metadata":{"@type":"type.googleapis.com/google.cloud.functions.v1.OperationMetadataV1","target":"projects/wale-491803/locations/us-central1/functions/adminMessageWebhook","type":"UPDATE_FUNCTION","request":{"@type":"type.googleapis.com/google.cloud.functions.v1.CloudFunction","name":"projects/wale-491803/locations/us-central1/functions/adminMessageWebhook","httpsTrigger":{"url":"https://us-central1-wale-491803.cloudfunctions.net/adminMessageWebhook","securityLevel":"SECURE_ALWAYS"},"status":"OFFLINE","entryPoint":"adminMessageWebhook","updateTime":"2026-04-02T19:31:05.321Z","versionId":"1","labels":{"deployment-tool":"cli-firebase","firebase-functions-hash":"87ed369c6e93b5dbd2d62618e45365784c0e8641"},"sourceUploadUrl":"https://storage.googleapis.com/uploads-730803098609.us-central1.cloudfunctions.appspot.com/240d9444-541e-4c4c-b158-0acbfb0f7f48.zip?GoogleAccessId=service-916707769747@gcf-admin-robot.iam.gserviceaccount.com&Expires=1775160351&Signature=UZvLTECamNlFqR54jKohm3dyd%2F%2FiTJ3WKSoDrmKH8SDu7ML3GT8m7ZH0qnUZyFM96asK1m5X1bmwxPDkhvzk6ExBr6c7SC5coF8wQMJ5B%2BXxgTjLHJ6PK%2Bw7%2BCwcXjLQnNqd%2BFXWFg467feom3VDnwsYr9WrxrgaHn5XN4BKV1dfAsMORDcH7ltnHWhq9b3QqsS02rfKseuQhXxrP4PEHEPT9xdNKoXDcpfbZSgAuruuh%2BDvvyMfx6in0boOq467jyfTpkx0wNh3CpRY2xoXDhhormLKdLKE13SWDhqgn%2F573dYIT4EKO1CchLNhnMh8RCwDK%2FELCUXp9uJdV1ftHw%3D%3D","environmentVariables":{"FIREBASE_CONFIG":"{\"projectId\":\"wale-491803\",\"databaseURL\":\"https://wale-491803-default-rtdb.firebaseio.com\",\"storageBucket\":\"wale-491803.firebasestorage.app\"}","GCLOUD_PROJECT":"wale-491803","EVENTARC_CLOUD_EVENT_SOURCE":"projects/wale-491803/locations/us-central1/functions/adminMessageWebhook"},"runtime":"nodejs22","buildId":"98528cfd-98f7-4787-8007-b726c306bac2","buildEnvironmentVariables":{"GOOGLE_NODE_RUN_SCRIPTS":""},"secretEnvironmentVariables":[{"key":"FUNCTIONS_CONFIG_EXPORT","projectId":"wale-491803","secret":"FUNCTIONS_CONFIG_EXPORT","version":"4"}],"buildName":"projects/916707769747/locations/us-central1/builds/98528cfd-98f7-4787-8007-b726c306bac2","dockerRegistry":"ARTIFACT_REGISTRY","automaticUpdatePolicy":{},"buildServiceAccount":"projects/wale-491803/serviceAccounts/916707769747-compute@developer.gserviceaccount.com"},"versionId":"2","updateTime":"2026-04-02T19:36:31Z"}}
[debug] [2026-04-02T19:36:32.644Z] <<< [apiv2][status] GET https://cloudfunctions.googleapis.com/v1/operations/d2FsZS00OTE4MDMvdXMtY2VudHJhbDEvbm90aWZ5TWVzc2FnZVJlY2lwaWVudC9XXzgtT3AwREYzTQ 200
[debug] [2026-04-02T19:36:32.644Z] <<< [apiv2][body] GET https://cloudfunctions.googleapis.com/v1/operations/d2FsZS00OTE4MDMvdXMtY2VudHJhbDEvbm90aWZ5TWVzc2FnZVJlY2lwaWVudC9XXzgtT3AwREYzTQ {"name":"operations/d2FsZS00OTE4MDMvdXMtY2VudHJhbDEvbm90aWZ5TWVzc2FnZVJlY2lwaWVudC9XXzgtT3AwREYzTQ","metadata":{"@type":"type.googleapis.com/google.cloud.functions.v1.OperationMetadataV1","target":"projects/wale-491803/locations/us-central1/functions/notifyMessageRecipient","type":"UPDATE_FUNCTION","request":{"@type":"type.googleapis.com/google.cloud.functions.v1.CloudFunction","name":"projects/wale-491803/locations/us-central1/functions/notifyMessageRecipient","eventTrigger":{"eventType":"providers/cloud.firestore/eventTypes/document.create","resource":"projects/wale-491803/databases/(default)/documents/messages/{messageId}","service":"firestore.googleapis.com"},"status":"OFFLINE","entryPoint":"notifyMessageRecipient","updateTime":"2026-04-02T19:31:03.169Z","versionId":"1","labels":{"deployment-tool":"cli-firebase","firebase-functions-hash":"87ed369c6e93b5dbd2d62618e45365784c0e8641"},"sourceUploadUrl":"https://storage.googleapis.com/uploads-730803098609.us-central1.cloudfunctions.appspot.com/240d9444-541e-4c4c-b158-0acbfb0f7f48.zip?GoogleAccessId=service-916707769747@gcf-admin-robot.iam.gserviceaccount.com&Expires=1775160351&Signature=UZvLTECamNlFqR54jKohm3dyd%2F%2FiTJ3WKSoDrmKH8SDu7ML3GT8m7ZH0qnUZyFM96asK1m5X1bmwxPDkhvzk6ExBr6c7SC5coF8wQMJ5B%2BXxgTjLHJ6PK%2Bw7%2BCwcXjLQnNqd%2BFXWFg467feom3VDnwsYr9WrxrgaHn5XN4BKV1dfAsMORDcH7ltnHWhq9b3QqsS02rfKseuQhXxrP4PEHEPT9xdNKoXDcpfbZSgAuruuh%2BDvvyMfx6in0boOq467jyfTpkx0wNh3CpRY2xoXDhhormLKdLKE13SWDhqgn%2F573dYIT4EKO1CchLNhnMh8RCwDK%2FELCUXp9uJdV1ftHw%3D%3D","environmentVariables":{"FIREBASE_CONFIG":"{\"projectId\":\"wale-491803\",\"databaseURL\":\"https://wale-491803-default-rtdb.firebaseio.com\",\"storageBucket\":\"wale-491803.firebasestorage.app\"}","GCLOUD_PROJECT":"wale-491803","EVENTARC_CLOUD_EVENT_SOURCE":"projects/wale-491803/locations/us-central1/functions/notifyMessageRecipient"},"runtime":"nodejs22","buildId":"58688a53-55aa-4564-ad64-6a3f4f4b8a64","buildEnvironmentVariables":{"GOOGLE_NODE_RUN_SCRIPTS":""},"secretEnvironmentVariables":[{"key":"FUNCTIONS_CONFIG_EXPORT","projectId":"wale-491803","secret":"FUNCTIONS_CONFIG_EXPORT","version":"4"}],"buildName":"projects/916707769747/locations/us-central1/builds/58688a53-55aa-4564-ad64-6a3f4f4b8a64","dockerRegistry":"ARTIFACT_REGISTRY","automaticUpdatePolicy":{},"buildServiceAccount":"projects/wale-491803/serviceAccounts/916707769747-compute@developer.gserviceaccount.com"},"versionId":"2","updateTime":"2026-04-02T19:36:32Z"}}
[debug] [2026-04-02T19:36:33.041Z] [update-default-us-central1-adminMessageWebhook] Retrying task index 0
[debug] [2026-04-02T19:36:33.042Z] Checked if tokens are valid: true, expires at: 1775161291195
[debug] [2026-04-02T19:36:33.043Z] Checked if tokens are valid: true, expires at: 1775161291195
[debug] [2026-04-02T19:36:33.043Z] >>> [apiv2][query] GET https://cloudfunctions.googleapis.com/v1/operations/d2FsZS00OTE4MDMvdXMtY2VudHJhbDEvYWRtaW5NZXNzYWdlV2ViaG9vay9sb0hhSEFsYnRHZw [none]
[debug] [2026-04-02T19:36:33.158Z] [update-default-us-central1-notifyMessageRecipient] Retrying task index 0
[debug] [2026-04-02T19:36:33.158Z] Checked if tokens are valid: true, expires at: 1775161291195
[debug] [2026-04-02T19:36:33.159Z] Checked if tokens are valid: true, expires at: 1775161291195
[debug] [2026-04-02T19:36:33.159Z] >>> [apiv2][query] GET https://cloudfunctions.googleapis.com/v1/operations/d2FsZS00OTE4MDMvdXMtY2VudHJhbDEvbm90aWZ5TWVzc2FnZVJlY2lwaWVudC9XXzgtT3AwREYzTQ [none]
[debug] [2026-04-02T19:36:33.332Z] <<< [apiv2][status] GET https://cloudfunctions.googleapis.com/v1/operations/d2FsZS00OTE4MDMvdXMtY2VudHJhbDEvYWRtaW5NZXNzYWdlV2ViaG9vay9sb0hhSEFsYnRHZw 200
[debug] [2026-04-02T19:36:33.332Z] <<< [apiv2][body] GET https://cloudfunctions.googleapis.com/v1/operations/d2FsZS00OTE4MDMvdXMtY2VudHJhbDEvYWRtaW5NZXNzYWdlV2ViaG9vay9sb0hhSEFsYnRHZw {"name":"operations/d2FsZS00OTE4MDMvdXMtY2VudHJhbDEvYWRtaW5NZXNzYWdlV2ViaG9vay9sb0hhSEFsYnRHZw","metadata":{"@type":"type.googleapis.com/google.cloud.functions.v1.OperationMetadataV1","target":"projects/wale-491803/locations/us-central1/functions/adminMessageWebhook","type":"UPDATE_FUNCTION","request":{"@type":"type.googleapis.com/google.cloud.functions.v1.CloudFunction","name":"projects/wale-491803/locations/us-central1/functions/adminMessageWebhook","httpsTrigger":{"url":"https://us-central1-wale-491803.cloudfunctions.net/adminMessageWebhook","securityLevel":"SECURE_ALWAYS"},"status":"OFFLINE","entryPoint":"adminMessageWebhook","updateTime":"2026-04-02T19:31:05.321Z","versionId":"1","labels":{"deployment-tool":"cli-firebase","firebase-functions-hash":"87ed369c6e93b5dbd2d62618e45365784c0e8641"},"sourceUploadUrl":"https://storage.googleapis.com/uploads-730803098609.us-central1.cloudfunctions.appspot.com/240d9444-541e-4c4c-b158-0acbfb0f7f48.zip?GoogleAccessId=service-916707769747@gcf-admin-robot.iam.gserviceaccount.com&Expires=1775160351&Signature=UZvLTECamNlFqR54jKohm3dyd%2F%2FiTJ3WKSoDrmKH8SDu7ML3GT8m7ZH0qnUZyFM96asK1m5X1bmwxPDkhvzk6ExBr6c7SC5coF8wQMJ5B%2BXxgTjLHJ6PK%2Bw7%2BCwcXjLQnNqd%2BFXWFg467feom3VDnwsYr9WrxrgaHn5XN4BKV1dfAsMORDcH7ltnHWhq9b3QqsS02rfKseuQhXxrP4PEHEPT9xdNKoXDcpfbZSgAuruuh%2BDvvyMfx6in0boOq467jyfTpkx0wNh3CpRY2xoXDhhormLKdLKE13SWDhqgn%2F573dYIT4EKO1CchLNhnMh8RCwDK%2FELCUXp9uJdV1ftHw%3D%3D","environmentVariables":{"FIREBASE_CONFIG":"{\"projectId\":\"wale-491803\",\"databaseURL\":\"https://wale-491803-default-rtdb.firebaseio.com\",\"storageBucket\":\"wale-491803.firebasestorage.app\"}","GCLOUD_PROJECT":"wale-491803","EVENTARC_CLOUD_EVENT_SOURCE":"projects/wale-491803/locations/us-central1/functions/adminMessageWebhook"},"runtime":"nodejs22","buildId":"98528cfd-98f7-4787-8007-b726c306bac2","buildEnvironmentVariables":{"GOOGLE_NODE_RUN_SCRIPTS":""},"secretEnvironmentVariables":[{"key":"FUNCTIONS_CONFIG_EXPORT","projectId":"wale-491803","secret":"FUNCTIONS_CONFIG_EXPORT","version":"4"}],"buildName":"projects/916707769747/locations/us-central1/builds/98528cfd-98f7-4787-8007-b726c306bac2","dockerRegistry":"ARTIFACT_REGISTRY","automaticUpdatePolicy":{},"buildServiceAccount":"projects/wale-491803/serviceAccounts/916707769747-compute@developer.gserviceaccount.com"},"versionId":"2","updateTime":"2026-04-02T19:36:32Z","buildId":"63b33112-6170-409d-a5d4-f4a22cd797b4","buildName":"projects/916707769747/locations/us-central1/builds/63b33112-6170-409d-a5d4-f4a22cd797b4"}}
[debug] [2026-04-02T19:36:33.341Z] <<< [apiv2][status] GET https://cloudfunctions.googleapis.com/v1/operations/d2FsZS00OTE4MDMvdXMtY2VudHJhbDEvbm90aWZ5TWVzc2FnZVJlY2lwaWVudC9XXzgtT3AwREYzTQ 200
[debug] [2026-04-02T19:36:33.341Z] <<< [apiv2][body] GET https://cloudfunctions.googleapis.com/v1/operations/d2FsZS00OTE4MDMvdXMtY2VudHJhbDEvbm90aWZ5TWVzc2FnZVJlY2lwaWVudC9XXzgtT3AwREYzTQ {"name":"operations/d2FsZS00OTE4MDMvdXMtY2VudHJhbDEvbm90aWZ5TWVzc2FnZVJlY2lwaWVudC9XXzgtT3AwREYzTQ","metadata":{"@type":"type.googleapis.com/google.cloud.functions.v1.OperationMetadataV1","target":"projects/wale-491803/locations/us-central1/functions/notifyMessageRecipient","type":"UPDATE_FUNCTION","request":{"@type":"type.googleapis.com/google.cloud.functions.v1.CloudFunction","name":"projects/wale-491803/locations/us-central1/functions/notifyMessageRecipient","eventTrigger":{"eventType":"providers/cloud.firestore/eventTypes/document.create","resource":"projects/wale-491803/databases/(default)/documents/messages/{messageId}","service":"firestore.googleapis.com"},"status":"OFFLINE","entryPoint":"notifyMessageRecipient","updateTime":"2026-04-02T19:31:03.169Z","versionId":"1","labels":{"deployment-tool":"cli-firebase","firebase-functions-hash":"87ed369c6e93b5dbd2d62618e45365784c0e8641"},"sourceUploadUrl":"https://storage.googleapis.com/uploads-730803098609.us-central1.cloudfunctions.appspot.com/240d9444-541e-4c4c-b158-0acbfb0f7f48.zip?GoogleAccessId=service-916707769747@gcf-admin-robot.iam.gserviceaccount.com&Expires=1775160351&Signature=UZvLTECamNlFqR54jKohm3dyd%2F%2FiTJ3WKSoDrmKH8SDu7ML3GT8m7ZH0qnUZyFM96asK1m5X1bmwxPDkhvzk6ExBr6c7SC5coF8wQMJ5B%2BXxgTjLHJ6PK%2Bw7%2BCwcXjLQnNqd%2BFXWFg467feom3VDnwsYr9WrxrgaHn5XN4BKV1dfAsMORDcH7ltnHWhq9b3QqsS02rfKseuQhXxrP4PEHEPT9xdNKoXDcpfbZSgAuruuh%2BDvvyMfx6in0boOq467jyfTpkx0wNh3CpRY2xoXDhhormLKdLKE13SWDhqgn%2F573dYIT4EKO1CchLNhnMh8RCwDK%2FELCUXp9uJdV1ftHw%3D%3D","environmentVariables":{"FIREBASE_CONFIG":"{\"projectId\":\"wale-491803\",\"databaseURL\":\"https://wale-491803-default-rtdb.firebaseio.com\",\"storageBucket\":\"wale-491803.firebasestorage.app\"}","GCLOUD_PROJECT":"wale-491803","EVENTARC_CLOUD_EVENT_SOURCE":"projects/wale-491803/locations/us-central1/functions/notifyMessageRecipient"},"runtime":"nodejs22","buildId":"58688a53-55aa-4564-ad64-6a3f4f4b8a64","buildEnvironmentVariables":{"GOOGLE_NODE_RUN_SCRIPTS":""},"secretEnvironmentVariables":[{"key":"FUNCTIONS_CONFIG_EXPORT","projectId":"wale-491803","secret":"FUNCTIONS_CONFIG_EXPORT","version":"4"}],"buildName":"projects/916707769747/locations/us-central1/builds/58688a53-55aa-4564-ad64-6a3f4f4b8a64","dockerRegistry":"ARTIFACT_REGISTRY","automaticUpdatePolicy":{},"buildServiceAccount":"projects/wale-491803/serviceAccounts/916707769747-compute@developer.gserviceaccount.com"},"versionId":"2","updateTime":"2026-04-02T19:36:32Z"}}
[debug] [2026-04-02T19:36:34.349Z] [update-default-us-central1-adminMessageWebhook] Retrying task index 0
[debug] [2026-04-02T19:36:34.350Z] Checked if tokens are valid: true, expires at: 1775161291195
[debug] [2026-04-02T19:36:34.350Z] Checked if tokens are valid: true, expires at: 1775161291195
[debug] [2026-04-02T19:36:34.350Z] >>> [apiv2][query] GET https://cloudfunctions.googleapis.com/v1/operations/d2FsZS00OTE4MDMvdXMtY2VudHJhbDEvYWRtaW5NZXNzYWdlV2ViaG9vay9sb0hhSEFsYnRHZw [none]
[debug] [2026-04-02T19:36:34.352Z] [update-default-us-central1-notifyMessageRecipient] Retrying task index 0
[debug] [2026-04-02T19:36:34.353Z] Checked if tokens are valid: true, expires at: 1775161291195
[debug] [2026-04-02T19:36:34.353Z] Checked if tokens are valid: true, expires at: 1775161291195
[debug] [2026-04-02T19:36:34.353Z] >>> [apiv2][query] GET https://cloudfunctions.googleapis.com/v1/operations/d2FsZS00OTE4MDMvdXMtY2VudHJhbDEvbm90aWZ5TWVzc2FnZVJlY2lwaWVudC9XXzgtT3AwREYzTQ [none]
[debug] [2026-04-02T19:36:34.508Z] <<< [apiv2][status] GET https://cloudfunctions.googleapis.com/v1/operations/d2FsZS00OTE4MDMvdXMtY2VudHJhbDEvYWRtaW5NZXNzYWdlV2ViaG9vay9sb0hhSEFsYnRHZw 200
[debug] [2026-04-02T19:36:34.508Z] <<< [apiv2][body] GET https://cloudfunctions.googleapis.com/v1/operations/d2FsZS00OTE4MDMvdXMtY2VudHJhbDEvYWRtaW5NZXNzYWdlV2ViaG9vay9sb0hhSEFsYnRHZw {"name":"operations/d2FsZS00OTE4MDMvdXMtY2VudHJhbDEvYWRtaW5NZXNzYWdlV2ViaG9vay9sb0hhSEFsYnRHZw","metadata":{"@type":"type.googleapis.com/google.cloud.functions.v1.OperationMetadataV1","target":"projects/wale-491803/locations/us-central1/functions/adminMessageWebhook","type":"UPDATE_FUNCTION","request":{"@type":"type.googleapis.com/google.cloud.functions.v1.CloudFunction","name":"projects/wale-491803/locations/us-central1/functions/adminMessageWebhook","httpsTrigger":{"url":"https://us-central1-wale-491803.cloudfunctions.net/adminMessageWebhook","securityLevel":"SECURE_ALWAYS"},"status":"OFFLINE","entryPoint":"adminMessageWebhook","updateTime":"2026-04-02T19:31:05.321Z","versionId":"1","labels":{"deployment-tool":"cli-firebase","firebase-functions-hash":"87ed369c6e93b5dbd2d62618e45365784c0e8641"},"sourceUploadUrl":"https://storage.googleapis.com/uploads-730803098609.us-central1.cloudfunctions.appspot.com/240d9444-541e-4c4c-b158-0acbfb0f7f48.zip?GoogleAccessId=service-916707769747@gcf-admin-robot.iam.gserviceaccount.com&Expires=1775160351&Signature=UZvLTECamNlFqR54jKohm3dyd%2F%2FiTJ3WKSoDrmKH8SDu7ML3GT8m7ZH0qnUZyFM96asK1m5X1bmwxPDkhvzk6ExBr6c7SC5coF8wQMJ5B%2BXxgTjLHJ6PK%2Bw7%2BCwcXjLQnNqd%2BFXWFg467feom3VDnwsYr9WrxrgaHn5XN4BKV1dfAsMORDcH7ltnHWhq9b3QqsS02rfKseuQhXxrP4PEHEPT9xdNKoXDcpfbZSgAuruuh%2BDvvyMfx6in0boOq467jyfTpkx0wNh3CpRY2xoXDhhormLKdLKE13SWDhqgn%2F573dYIT4EKO1CchLNhnMh8RCwDK%2FELCUXp9uJdV1ftHw%3D%3D","environmentVariables":{"FIREBASE_CONFIG":"{\"projectId\":\"wale-491803\",\"databaseURL\":\"https://wale-491803-default-rtdb.firebaseio.com\",\"storageBucket\":\"wale-491803.firebasestorage.app\"}","GCLOUD_PROJECT":"wale-491803","EVENTARC_CLOUD_EVENT_SOURCE":"projects/wale-491803/locations/us-central1/functions/adminMessageWebhook"},"runtime":"nodejs22","buildId":"98528cfd-98f7-4787-8007-b726c306bac2","buildEnvironmentVariables":{"GOOGLE_NODE_RUN_SCRIPTS":""},"secretEnvironmentVariables":[{"key":"FUNCTIONS_CONFIG_EXPORT","projectId":"wale-491803","secret":"FUNCTIONS_CONFIG_EXPORT","version":"4"}],"buildName":"projects/916707769747/locations/us-central1/builds/98528cfd-98f7-4787-8007-b726c306bac2","dockerRegistry":"ARTIFACT_REGISTRY","automaticUpdatePolicy":{},"buildServiceAccount":"projects/wale-491803/serviceAccounts/916707769747-compute@developer.gserviceaccount.com"},"versionId":"2","updateTime":"2026-04-02T19:36:32Z","buildId":"63b33112-6170-409d-a5d4-f4a22cd797b4","buildName":"projects/916707769747/locations/us-central1/builds/63b33112-6170-409d-a5d4-f4a22cd797b4"}}
[debug] [2026-04-02T19:36:34.533Z] <<< [apiv2][status] GET https://cloudfunctions.googleapis.com/v1/operations/d2FsZS00OTE4MDMvdXMtY2VudHJhbDEvbm90aWZ5TWVzc2FnZVJlY2lwaWVudC9XXzgtT3AwREYzTQ 200
[debug] [2026-04-02T19:36:34.533Z] <<< [apiv2][body] GET https://cloudfunctions.googleapis.com/v1/operations/d2FsZS00OTE4MDMvdXMtY2VudHJhbDEvbm90aWZ5TWVzc2FnZVJlY2lwaWVudC9XXzgtT3AwREYzTQ {"name":"operations/d2FsZS00OTE4MDMvdXMtY2VudHJhbDEvbm90aWZ5TWVzc2FnZVJlY2lwaWVudC9XXzgtT3AwREYzTQ","metadata":{"@type":"type.googleapis.com/google.cloud.functions.v1.OperationMetadataV1","target":"projects/wale-491803/locations/us-central1/functions/notifyMessageRecipient","type":"UPDATE_FUNCTION","request":{"@type":"type.googleapis.com/google.cloud.functions.v1.CloudFunction","name":"projects/wale-491803/locations/us-central1/functions/notifyMessageRecipient","eventTrigger":{"eventType":"providers/cloud.firestore/eventTypes/document.create","resource":"projects/wale-491803/databases/(default)/documents/messages/{messageId}","service":"firestore.googleapis.com"},"status":"OFFLINE","entryPoint":"notifyMessageRecipient","updateTime":"2026-04-02T19:31:03.169Z","versionId":"1","labels":{"deployment-tool":"cli-firebase","firebase-functions-hash":"87ed369c6e93b5dbd2d62618e45365784c0e8641"},"sourceUploadUrl":"https://storage.googleapis.com/uploads-730803098609.us-central1.cloudfunctions.appspot.com/240d9444-541e-4c4c-b158-0acbfb0f7f48.zip?GoogleAccessId=service-916707769747@gcf-admin-robot.iam.gserviceaccount.com&Expires=1775160351&Signature=UZvLTECamNlFqR54jKohm3dyd%2F%2FiTJ3WKSoDrmKH8SDu7ML3GT8m7ZH0qnUZyFM96asK1m5X1bmwxPDkhvzk6ExBr6c7SC5coF8wQMJ5B%2BXxgTjLHJ6PK%2Bw7%2BCwcXjLQnNqd%2BFXWFg467feom3VDnwsYr9WrxrgaHn5XN4BKV1dfAsMORDcH7ltnHWhq9b3QqsS02rfKseuQhXxrP4PEHEPT9xdNKoXDcpfbZSgAuruuh%2BDvvyMfx6in0boOq467jyfTpkx0wNh3CpRY2xoXDhhormLKdLKE13SWDhqgn%2F573dYIT4EKO1CchLNhnMh8RCwDK%2FELCUXp9uJdV1ftHw%3D%3D","environmentVariables":{"FIREBASE_CONFIG":"{\"projectId\":\"wale-491803\",\"databaseURL\":\"https://wale-491803-default-rtdb.firebaseio.com\",\"storageBucket\":\"wale-491803.firebasestorage.app\"}","GCLOUD_PROJECT":"wale-491803","EVENTARC_CLOUD_EVENT_SOURCE":"projects/wale-491803/locations/us-central1/functions/notifyMessageRecipient"},"runtime":"nodejs22","buildId":"58688a53-55aa-4564-ad64-6a3f4f4b8a64","buildEnvironmentVariables":{"GOOGLE_NODE_RUN_SCRIPTS":""},"secretEnvironmentVariables":[{"key":"FUNCTIONS_CONFIG_EXPORT","projectId":"wale-491803","secret":"FUNCTIONS_CONFIG_EXPORT","version":"4"}],"buildName":"projects/916707769747/locations/us-central1/builds/58688a53-55aa-4564-ad64-6a3f4f4b8a64","dockerRegistry":"ARTIFACT_REGISTRY","automaticUpdatePolicy":{},"buildServiceAccount":"projects/wale-491803/serviceAccounts/916707769747-compute@developer.gserviceaccount.com"},"versionId":"2","updateTime":"2026-04-02T19:36:32Z","buildId":"d175f595-c7dd-4a10-8cf3-e961fac14149","buildName":"projects/916707769747/locations/us-central1/builds/d175f595-c7dd-4a10-8cf3-e961fac14149"}}
[debug] [2026-04-02T19:36:36.512Z] [update-default-us-central1-adminMessageWebhook] Retrying task index 0
[debug] [2026-04-02T19:36:36.513Z] Checked if tokens are valid: true, expires at: 1775161291195
[debug] [2026-04-02T19:36:36.513Z] Checked if tokens are valid: true, expires at: 1775161291195
[debug] [2026-04-02T19:36:36.513Z] >>> [apiv2][query] GET https://cloudfunctions.googleapis.com/v1/operations/d2FsZS00OTE4MDMvdXMtY2VudHJhbDEvYWRtaW5NZXNzYWdlV2ViaG9vay9sb0hhSEFsYnRHZw [none]
[debug] [2026-04-02T19:36:36.544Z] [update-default-us-central1-notifyMessageRecipient] Retrying task index 0
[debug] [2026-04-02T19:36:36.545Z] Checked if tokens are valid: true, expires at: 1775161291195
[debug] [2026-04-02T19:36:36.545Z] Checked if tokens are valid: true, expires at: 1775161291195
[debug] [2026-04-02T19:36:36.545Z] >>> [apiv2][query] GET https://cloudfunctions.googleapis.com/v1/operations/d2FsZS00OTE4MDMvdXMtY2VudHJhbDEvbm90aWZ5TWVzc2FnZVJlY2lwaWVudC9XXzgtT3AwREYzTQ [none]
[debug] [2026-04-02T19:36:36.679Z] <<< [apiv2][status] GET https://cloudfunctions.googleapis.com/v1/operations/d2FsZS00OTE4MDMvdXMtY2VudHJhbDEvYWRtaW5NZXNzYWdlV2ViaG9vay9sb0hhSEFsYnRHZw 200
[debug] [2026-04-02T19:36:36.679Z] <<< [apiv2][body] GET https://cloudfunctions.googleapis.com/v1/operations/d2FsZS00OTE4MDMvdXMtY2VudHJhbDEvYWRtaW5NZXNzYWdlV2ViaG9vay9sb0hhSEFsYnRHZw {"name":"operations/d2FsZS00OTE4MDMvdXMtY2VudHJhbDEvYWRtaW5NZXNzYWdlV2ViaG9vay9sb0hhSEFsYnRHZw","metadata":{"@type":"type.googleapis.com/google.cloud.functions.v1.OperationMetadataV1","target":"projects/wale-491803/locations/us-central1/functions/adminMessageWebhook","type":"UPDATE_FUNCTION","request":{"@type":"type.googleapis.com/google.cloud.functions.v1.CloudFunction","name":"projects/wale-491803/locations/us-central1/functions/adminMessageWebhook","httpsTrigger":{"url":"https://us-central1-wale-491803.cloudfunctions.net/adminMessageWebhook","securityLevel":"SECURE_ALWAYS"},"status":"OFFLINE","entryPoint":"adminMessageWebhook","updateTime":"2026-04-02T19:31:05.321Z","versionId":"1","labels":{"deployment-tool":"cli-firebase","firebase-functions-hash":"87ed369c6e93b5dbd2d62618e45365784c0e8641"},"sourceUploadUrl":"https://storage.googleapis.com/uploads-730803098609.us-central1.cloudfunctions.appspot.com/240d9444-541e-4c4c-b158-0acbfb0f7f48.zip?GoogleAccessId=service-916707769747@gcf-admin-robot.iam.gserviceaccount.com&Expires=1775160351&Signature=UZvLTECamNlFqR54jKohm3dyd%2F%2FiTJ3WKSoDrmKH8SDu7ML3GT8m7ZH0qnUZyFM96asK1m5X1bmwxPDkhvzk6ExBr6c7SC5coF8wQMJ5B%2BXxgTjLHJ6PK%2Bw7%2BCwcXjLQnNqd%2BFXWFg467feom3VDnwsYr9WrxrgaHn5XN4BKV1dfAsMORDcH7ltnHWhq9b3QqsS02rfKseuQhXxrP4PEHEPT9xdNKoXDcpfbZSgAuruuh%2BDvvyMfx6in0boOq467jyfTpkx0wNh3CpRY2xoXDhhormLKdLKE13SWDhqgn%2F573dYIT4EKO1CchLNhnMh8RCwDK%2FELCUXp9uJdV1ftHw%3D%3D","environmentVariables":{"FIREBASE_CONFIG":"{\"projectId\":\"wale-491803\",\"databaseURL\":\"https://wale-491803-default-rtdb.firebaseio.com\",\"storageBucket\":\"wale-491803.firebasestorage.app\"}","GCLOUD_PROJECT":"wale-491803","EVENTARC_CLOUD_EVENT_SOURCE":"projects/wale-491803/locations/us-central1/functions/adminMessageWebhook"},"runtime":"nodejs22","buildId":"98528cfd-98f7-4787-8007-b726c306bac2","buildEnvironmentVariables":{"GOOGLE_NODE_RUN_SCRIPTS":""},"secretEnvironmentVariables":[{"key":"FUNCTIONS_CONFIG_EXPORT","projectId":"wale-491803","secret":"FUNCTIONS_CONFIG_EXPORT","version":"4"}],"buildName":"projects/916707769747/locations/us-central1/builds/98528cfd-98f7-4787-8007-b726c306bac2","dockerRegistry":"ARTIFACT_REGISTRY","automaticUpdatePolicy":{},"buildServiceAccount":"projects/wale-491803/serviceAccounts/916707769747-compute@developer.gserviceaccount.com"},"versionId":"2","updateTime":"2026-04-02T19:36:32Z","buildId":"63b33112-6170-409d-a5d4-f4a22cd797b4","buildName":"projects/916707769747/locations/us-central1/builds/63b33112-6170-409d-a5d4-f4a22cd797b4"}}
[debug] [2026-04-02T19:36:36.714Z] <<< [apiv2][status] GET https://cloudfunctions.googleapis.com/v1/operations/d2FsZS00OTE4MDMvdXMtY2VudHJhbDEvbm90aWZ5TWVzc2FnZVJlY2lwaWVudC9XXzgtT3AwREYzTQ 200
[debug] [2026-04-02T19:36:36.715Z] <<< [apiv2][body] GET https://cloudfunctions.googleapis.com/v1/operations/d2FsZS00OTE4MDMvdXMtY2VudHJhbDEvbm90aWZ5TWVzc2FnZVJlY2lwaWVudC9XXzgtT3AwREYzTQ {"name":"operations/d2FsZS00OTE4MDMvdXMtY2VudHJhbDEvbm90aWZ5TWVzc2FnZVJlY2lwaWVudC9XXzgtT3AwREYzTQ","metadata":{"@type":"type.googleapis.com/google.cloud.functions.v1.OperationMetadataV1","target":"projects/wale-491803/locations/us-central1/functions/notifyMessageRecipient","type":"UPDATE_FUNCTION","request":{"@type":"type.googleapis.com/google.cloud.functions.v1.CloudFunction","name":"projects/wale-491803/locations/us-central1/functions/notifyMessageRecipient","eventTrigger":{"eventType":"providers/cloud.firestore/eventTypes/document.create","resource":"projects/wale-491803/databases/(default)/documents/messages/{messageId}","service":"firestore.googleapis.com"},"status":"OFFLINE","entryPoint":"notifyMessageRecipient","updateTime":"2026-04-02T19:31:03.169Z","versionId":"1","labels":{"deployment-tool":"cli-firebase","firebase-functions-hash":"87ed369c6e93b5dbd2d62618e45365784c0e8641"},"sourceUploadUrl":"https://storage.googleapis.com/uploads-730803098609.us-central1.cloudfunctions.appspot.com/240d9444-541e-4c4c-b158-0acbfb0f7f48.zip?GoogleAccessId=service-916707769747@gcf-admin-robot.iam.gserviceaccount.com&Expires=1775160351&Signature=UZvLTECamNlFqR54jKohm3dyd%2F%2FiTJ3WKSoDrmKH8SDu7ML3GT8m7ZH0qnUZyFM96asK1m5X1bmwxPDkhvzk6ExBr6c7SC5coF8wQMJ5B%2BXxgTjLHJ6PK%2Bw7%2BCwcXjLQnNqd%2BFXWFg467feom3VDnwsYr9WrxrgaHn5XN4BKV1dfAsMORDcH7ltnHWhq9b3QqsS02rfKseuQhXxrP4PEHEPT9xdNKoXDcpfbZSgAuruuh%2BDvvyMfx6in0boOq467jyfTpkx0wNh3CpRY2xoXDhhormLKdLKE13SWDhqgn%2F573dYIT4EKO1CchLNhnMh8RCwDK%2FELCUXp9uJdV1ftHw%3D%3D","environmentVariables":{"FIREBASE_CONFIG":"{\"projectId\":\"wale-491803\",\"databaseURL\":\"https://wale-491803-default-rtdb.firebaseio.com\",\"storageBucket\":\"wale-491803.firebasestorage.app\"}","GCLOUD_PROJECT":"wale-491803","EVENTARC_CLOUD_EVENT_SOURCE":"projects/wale-491803/locations/us-central1/functions/notifyMessageRecipient"},"runtime":"nodejs22","buildId":"58688a53-55aa-4564-ad64-6a3f4f4b8a64","buildEnvironmentVariables":{"GOOGLE_NODE_RUN_SCRIPTS":""},"secretEnvironmentVariables":[{"key":"FUNCTIONS_CONFIG_EXPORT","projectId":"wale-491803","secret":"FUNCTIONS_CONFIG_EXPORT","version":"4"}],"buildName":"projects/916707769747/locations/us-central1/builds/58688a53-55aa-4564-ad64-6a3f4f4b8a64","dockerRegistry":"ARTIFACT_REGISTRY","automaticUpdatePolicy":{},"buildServiceAccount":"projects/wale-491803/serviceAccounts/916707769747-compute@developer.gserviceaccount.com"},"versionId":"2","updateTime":"2026-04-02T19:36:32Z","buildId":"d175f595-c7dd-4a10-8cf3-e961fac14149","buildName":"projects/916707769747/locations/us-central1/builds/d175f595-c7dd-4a10-8cf3-e961fac14149"}}
[debug] [2026-04-02T19:36:40.685Z] [update-default-us-central1-adminMessageWebhook] Retrying task index 0
[debug] [2026-04-02T19:36:40.686Z] Checked if tokens are valid: true, expires at: 1775161291195
[debug] [2026-04-02T19:36:40.687Z] Checked if tokens are valid: true, expires at: 1775161291195
[debug] [2026-04-02T19:36:40.687Z] >>> [apiv2][query] GET https://cloudfunctions.googleapis.com/v1/operations/d2FsZS00OTE4MDMvdXMtY2VudHJhbDEvYWRtaW5NZXNzYWdlV2ViaG9vay9sb0hhSEFsYnRHZw [none]
[debug] [2026-04-02T19:36:40.724Z] [update-default-us-central1-notifyMessageRecipient] Retrying task index 0
[debug] [2026-04-02T19:36:40.725Z] Checked if tokens are valid: true, expires at: 1775161291195
[debug] [2026-04-02T19:36:40.725Z] Checked if tokens are valid: true, expires at: 1775161291195
[debug] [2026-04-02T19:36:40.726Z] >>> [apiv2][query] GET https://cloudfunctions.googleapis.com/v1/operations/d2FsZS00OTE4MDMvdXMtY2VudHJhbDEvbm90aWZ5TWVzc2FnZVJlY2lwaWVudC9XXzgtT3AwREYzTQ [none]
[debug] [2026-04-02T19:36:40.855Z] <<< [apiv2][status] GET https://cloudfunctions.googleapis.com/v1/operations/d2FsZS00OTE4MDMvdXMtY2VudHJhbDEvYWRtaW5NZXNzYWdlV2ViaG9vay9sb0hhSEFsYnRHZw 200
[debug] [2026-04-02T19:36:40.855Z] <<< [apiv2][body] GET https://cloudfunctions.googleapis.com/v1/operations/d2FsZS00OTE4MDMvdXMtY2VudHJhbDEvYWRtaW5NZXNzYWdlV2ViaG9vay9sb0hhSEFsYnRHZw {"name":"operations/d2FsZS00OTE4MDMvdXMtY2VudHJhbDEvYWRtaW5NZXNzYWdlV2ViaG9vay9sb0hhSEFsYnRHZw","metadata":{"@type":"type.googleapis.com/google.cloud.functions.v1.OperationMetadataV1","target":"projects/wale-491803/locations/us-central1/functions/adminMessageWebhook","type":"UPDATE_FUNCTION","request":{"@type":"type.googleapis.com/google.cloud.functions.v1.CloudFunction","name":"projects/wale-491803/locations/us-central1/functions/adminMessageWebhook","httpsTrigger":{"url":"https://us-central1-wale-491803.cloudfunctions.net/adminMessageWebhook","securityLevel":"SECURE_ALWAYS"},"status":"OFFLINE","entryPoint":"adminMessageWebhook","updateTime":"2026-04-02T19:31:05.321Z","versionId":"1","labels":{"deployment-tool":"cli-firebase","firebase-functions-hash":"87ed369c6e93b5dbd2d62618e45365784c0e8641"},"sourceUploadUrl":"https://storage.googleapis.com/uploads-730803098609.us-central1.cloudfunctions.appspot.com/240d9444-541e-4c4c-b158-0acbfb0f7f48.zip?GoogleAccessId=service-916707769747@gcf-admin-robot.iam.gserviceaccount.com&Expires=1775160351&Signature=UZvLTECamNlFqR54jKohm3dyd%2F%2FiTJ3WKSoDrmKH8SDu7ML3GT8m7ZH0qnUZyFM96asK1m5X1bmwxPDkhvzk6ExBr6c7SC5coF8wQMJ5B%2BXxgTjLHJ6PK%2Bw7%2BCwcXjLQnNqd%2BFXWFg467feom3VDnwsYr9WrxrgaHn5XN4BKV1dfAsMORDcH7ltnHWhq9b3QqsS02rfKseuQhXxrP4PEHEPT9xdNKoXDcpfbZSgAuruuh%2BDvvyMfx6in0boOq467jyfTpkx0wNh3CpRY2xoXDhhormLKdLKE13SWDhqgn%2F573dYIT4EKO1CchLNhnMh8RCwDK%2FELCUXp9uJdV1ftHw%3D%3D","environmentVariables":{"FIREBASE_CONFIG":"{\"projectId\":\"wale-491803\",\"databaseURL\":\"https://wale-491803-default-rtdb.firebaseio.com\",\"storageBucket\":\"wale-491803.firebasestorage.app\"}","GCLOUD_PROJECT":"wale-491803","EVENTARC_CLOUD_EVENT_SOURCE":"projects/wale-491803/locations/us-central1/functions/adminMessageWebhook"},"runtime":"nodejs22","buildId":"98528cfd-98f7-4787-8007-b726c306bac2","buildEnvironmentVariables":{"GOOGLE_NODE_RUN_SCRIPTS":""},"secretEnvironmentVariables":[{"key":"FUNCTIONS_CONFIG_EXPORT","projectId":"wale-491803","secret":"FUNCTIONS_CONFIG_EXPORT","version":"4"}],"buildName":"projects/916707769747/locations/us-central1/builds/98528cfd-98f7-4787-8007-b726c306bac2","dockerRegistry":"ARTIFACT_REGISTRY","automaticUpdatePolicy":{},"buildServiceAccount":"projects/wale-491803/serviceAccounts/916707769747-compute@developer.gserviceaccount.com"},"versionId":"2","updateTime":"2026-04-02T19:36:32Z","buildId":"63b33112-6170-409d-a5d4-f4a22cd797b4","buildName":"projects/916707769747/locations/us-central1/builds/63b33112-6170-409d-a5d4-f4a22cd797b4"}}
[debug] [2026-04-02T19:36:40.889Z] <<< [apiv2][status] GET https://cloudfunctions.googleapis.com/v1/operations/d2FsZS00OTE4MDMvdXMtY2VudHJhbDEvbm90aWZ5TWVzc2FnZVJlY2lwaWVudC9XXzgtT3AwREYzTQ 200
[debug] [2026-04-02T19:36:40.890Z] <<< [apiv2][body] GET https://cloudfunctions.googleapis.com/v1/operations/d2FsZS00OTE4MDMvdXMtY2VudHJhbDEvbm90aWZ5TWVzc2FnZVJlY2lwaWVudC9XXzgtT3AwREYzTQ {"name":"operations/d2FsZS00OTE4MDMvdXMtY2VudHJhbDEvbm90aWZ5TWVzc2FnZVJlY2lwaWVudC9XXzgtT3AwREYzTQ","metadata":{"@type":"type.googleapis.com/google.cloud.functions.v1.OperationMetadataV1","target":"projects/wale-491803/locations/us-central1/functions/notifyMessageRecipient","type":"UPDATE_FUNCTION","request":{"@type":"type.googleapis.com/google.cloud.functions.v1.CloudFunction","name":"projects/wale-491803/locations/us-central1/functions/notifyMessageRecipient","eventTrigger":{"eventType":"providers/cloud.firestore/eventTypes/document.create","resource":"projects/wale-491803/databases/(default)/documents/messages/{messageId}","service":"firestore.googleapis.com"},"status":"OFFLINE","entryPoint":"notifyMessageRecipient","updateTime":"2026-04-02T19:31:03.169Z","versionId":"1","labels":{"deployment-tool":"cli-firebase","firebase-functions-hash":"87ed369c6e93b5dbd2d62618e45365784c0e8641"},"sourceUploadUrl":"https://storage.googleapis.com/uploads-730803098609.us-central1.cloudfunctions.appspot.com/240d9444-541e-4c4c-b158-0acbfb0f7f48.zip?GoogleAccessId=service-916707769747@gcf-admin-robot.iam.gserviceaccount.com&Expires=1775160351&Signature=UZvLTECamNlFqR54jKohm3dyd%2F%2FiTJ3WKSoDrmKH8SDu7ML3GT8m7ZH0qnUZyFM96asK1m5X1bmwxPDkhvzk6ExBr6c7SC5coF8wQMJ5B%2BXxgTjLHJ6PK%2Bw7%2BCwcXjLQnNqd%2BFXWFg467feom3VDnwsYr9WrxrgaHn5XN4BKV1dfAsMORDcH7ltnHWhq9b3QqsS02rfKseuQhXxrP4PEHEPT9xdNKoXDcpfbZSgAuruuh%2BDvvyMfx6in0boOq467jyfTpkx0wNh3CpRY2xoXDhhormLKdLKE13SWDhqgn%2F573dYIT4EKO1CchLNhnMh8RCwDK%2FELCUXp9uJdV1ftHw%3D%3D","environmentVariables":{"FIREBASE_CONFIG":"{\"projectId\":\"wale-491803\",\"databaseURL\":\"https://wale-491803-default-rtdb.firebaseio.com\",\"storageBucket\":\"wale-491803.firebasestorage.app\"}","GCLOUD_PROJECT":"wale-491803","EVENTARC_CLOUD_EVENT_SOURCE":"projects/wale-491803/locations/us-central1/functions/notifyMessageRecipient"},"runtime":"nodejs22","buildId":"58688a53-55aa-4564-ad64-6a3f4f4b8a64","buildEnvironmentVariables":{"GOOGLE_NODE_RUN_SCRIPTS":""},"secretEnvironmentVariables":[{"key":"FUNCTIONS_CONFIG_EXPORT","projectId":"wale-491803","secret":"FUNCTIONS_CONFIG_EXPORT","version":"4"}],"buildName":"projects/916707769747/locations/us-central1/builds/58688a53-55aa-4564-ad64-6a3f4f4b8a64","dockerRegistry":"ARTIFACT_REGISTRY","automaticUpdatePolicy":{},"buildServiceAccount":"projects/wale-491803/serviceAccounts/916707769747-compute@developer.gserviceaccount.com"},"versionId":"2","updateTime":"2026-04-02T19:36:32Z","buildId":"d175f595-c7dd-4a10-8cf3-e961fac14149","buildName":"projects/916707769747/locations/us-central1/builds/d175f595-c7dd-4a10-8cf3-e961fac14149"}}
[debug] [2026-04-02T19:36:48.856Z] [update-default-us-central1-adminMessageWebhook] Retrying task index 0
[debug] [2026-04-02T19:36:48.857Z] Checked if tokens are valid: true, expires at: 1775161291195
[debug] [2026-04-02T19:36:48.857Z] Checked if tokens are valid: true, expires at: 1775161291195
[debug] [2026-04-02T19:36:48.858Z] >>> [apiv2][query] GET https://cloudfunctions.googleapis.com/v1/operations/d2FsZS00OTE4MDMvdXMtY2VudHJhbDEvYWRtaW5NZXNzYWdlV2ViaG9vay9sb0hhSEFsYnRHZw [none]
[debug] [2026-04-02T19:36:48.891Z] [update-default-us-central1-notifyMessageRecipient] Retrying task index 0
[debug] [2026-04-02T19:36:48.892Z] Checked if tokens are valid: true, expires at: 1775161291195
[debug] [2026-04-02T19:36:48.893Z] Checked if tokens are valid: true, expires at: 1775161291195
[debug] [2026-04-02T19:36:48.893Z] >>> [apiv2][query] GET https://cloudfunctions.googleapis.com/v1/operations/d2FsZS00OTE4MDMvdXMtY2VudHJhbDEvbm90aWZ5TWVzc2FnZVJlY2lwaWVudC9XXzgtT3AwREYzTQ [none]
[debug] [2026-04-02T19:36:49.324Z] <<< [apiv2][status] GET https://cloudfunctions.googleapis.com/v1/operations/d2FsZS00OTE4MDMvdXMtY2VudHJhbDEvYWRtaW5NZXNzYWdlV2ViaG9vay9sb0hhSEFsYnRHZw 200
[debug] [2026-04-02T19:36:49.325Z] <<< [apiv2][body] GET https://cloudfunctions.googleapis.com/v1/operations/d2FsZS00OTE4MDMvdXMtY2VudHJhbDEvYWRtaW5NZXNzYWdlV2ViaG9vay9sb0hhSEFsYnRHZw {"name":"operations/d2FsZS00OTE4MDMvdXMtY2VudHJhbDEvYWRtaW5NZXNzYWdlV2ViaG9vay9sb0hhSEFsYnRHZw","metadata":{"@type":"type.googleapis.com/google.cloud.functions.v1.OperationMetadataV1","target":"projects/wale-491803/locations/us-central1/functions/adminMessageWebhook","type":"UPDATE_FUNCTION","request":{"@type":"type.googleapis.com/google.cloud.functions.v1.CloudFunction","name":"projects/wale-491803/locations/us-central1/functions/adminMessageWebhook","httpsTrigger":{"url":"https://us-central1-wale-491803.cloudfunctions.net/adminMessageWebhook","securityLevel":"SECURE_ALWAYS"},"status":"OFFLINE","entryPoint":"adminMessageWebhook","updateTime":"2026-04-02T19:31:05.321Z","versionId":"1","labels":{"deployment-tool":"cli-firebase","firebase-functions-hash":"87ed369c6e93b5dbd2d62618e45365784c0e8641"},"sourceUploadUrl":"https://storage.googleapis.com/uploads-730803098609.us-central1.cloudfunctions.appspot.com/240d9444-541e-4c4c-b158-0acbfb0f7f48.zip?GoogleAccessId=service-916707769747@gcf-admin-robot.iam.gserviceaccount.com&Expires=1775160351&Signature=UZvLTECamNlFqR54jKohm3dyd%2F%2FiTJ3WKSoDrmKH8SDu7ML3GT8m7ZH0qnUZyFM96asK1m5X1bmwxPDkhvzk6ExBr6c7SC5coF8wQMJ5B%2BXxgTjLHJ6PK%2Bw7%2BCwcXjLQnNqd%2BFXWFg467feom3VDnwsYr9WrxrgaHn5XN4BKV1dfAsMORDcH7ltnHWhq9b3QqsS02rfKseuQhXxrP4PEHEPT9xdNKoXDcpfbZSgAuruuh%2BDvvyMfx6in0boOq467jyfTpkx0wNh3CpRY2xoXDhhormLKdLKE13SWDhqgn%2F573dYIT4EKO1CchLNhnMh8RCwDK%2FELCUXp9uJdV1ftHw%3D%3D","environmentVariables":{"FIREBASE_CONFIG":"{\"projectId\":\"wale-491803\",\"databaseURL\":\"https://wale-491803-default-rtdb.firebaseio.com\",\"storageBucket\":\"wale-491803.firebasestorage.app\"}","GCLOUD_PROJECT":"wale-491803","EVENTARC_CLOUD_EVENT_SOURCE":"projects/wale-491803/locations/us-central1/functions/adminMessageWebhook"},"runtime":"nodejs22","buildId":"98528cfd-98f7-4787-8007-b726c306bac2","buildEnvironmentVariables":{"GOOGLE_NODE_RUN_SCRIPTS":""},"secretEnvironmentVariables":[{"key":"FUNCTIONS_CONFIG_EXPORT","projectId":"wale-491803","secret":"FUNCTIONS_CONFIG_EXPORT","version":"4"}],"buildName":"projects/916707769747/locations/us-central1/builds/98528cfd-98f7-4787-8007-b726c306bac2","dockerRegistry":"ARTIFACT_REGISTRY","automaticUpdatePolicy":{},"buildServiceAccount":"projects/wale-491803/serviceAccounts/916707769747-compute@developer.gserviceaccount.com"},"versionId":"2","updateTime":"2026-04-02T19:36:32Z","buildId":"63b33112-6170-409d-a5d4-f4a22cd797b4","buildName":"projects/916707769747/locations/us-central1/builds/63b33112-6170-409d-a5d4-f4a22cd797b4"}}
[debug] [2026-04-02T19:36:49.348Z] <<< [apiv2][status] GET https://cloudfunctions.googleapis.com/v1/operations/d2FsZS00OTE4MDMvdXMtY2VudHJhbDEvbm90aWZ5TWVzc2FnZVJlY2lwaWVudC9XXzgtT3AwREYzTQ 200
[debug] [2026-04-02T19:36:49.348Z] <<< [apiv2][body] GET https://cloudfunctions.googleapis.com/v1/operations/d2FsZS00OTE4MDMvdXMtY2VudHJhbDEvbm90aWZ5TWVzc2FnZVJlY2lwaWVudC9XXzgtT3AwREYzTQ {"name":"operations/d2FsZS00OTE4MDMvdXMtY2VudHJhbDEvbm90aWZ5TWVzc2FnZVJlY2lwaWVudC9XXzgtT3AwREYzTQ","metadata":{"@type":"type.googleapis.com/google.cloud.functions.v1.OperationMetadataV1","target":"projects/wale-491803/locations/us-central1/functions/notifyMessageRecipient","type":"UPDATE_FUNCTION","request":{"@type":"type.googleapis.com/google.cloud.functions.v1.CloudFunction","name":"projects/wale-491803/locations/us-central1/functions/notifyMessageRecipient","eventTrigger":{"eventType":"providers/cloud.firestore/eventTypes/document.create","resource":"projects/wale-491803/databases/(default)/documents/messages/{messageId}","service":"firestore.googleapis.com"},"status":"OFFLINE","entryPoint":"notifyMessageRecipient","updateTime":"2026-04-02T19:31:03.169Z","versionId":"1","labels":{"deployment-tool":"cli-firebase","firebase-functions-hash":"87ed369c6e93b5dbd2d62618e45365784c0e8641"},"sourceUploadUrl":"https://storage.googleapis.com/uploads-730803098609.us-central1.cloudfunctions.appspot.com/240d9444-541e-4c4c-b158-0acbfb0f7f48.zip?GoogleAccessId=service-916707769747@gcf-admin-robot.iam.gserviceaccount.com&Expires=1775160351&Signature=UZvLTECamNlFqR54jKohm3dyd%2F%2FiTJ3WKSoDrmKH8SDu7ML3GT8m7ZH0qnUZyFM96asK1m5X1bmwxPDkhvzk6ExBr6c7SC5coF8wQMJ5B%2BXxgTjLHJ6PK%2Bw7%2BCwcXjLQnNqd%2BFXWFg467feom3VDnwsYr9WrxrgaHn5XN4BKV1dfAsMORDcH7ltnHWhq9b3QqsS02rfKseuQhXxrP4PEHEPT9xdNKoXDcpfbZSgAuruuh%2BDvvyMfx6in0boOq467jyfTpkx0wNh3CpRY2xoXDhhormLKdLKE13SWDhqgn%2F573dYIT4EKO1CchLNhnMh8RCwDK%2FELCUXp9uJdV1ftHw%3D%3D","environmentVariables":{"FIREBASE_CONFIG":"{\"projectId\":\"wale-491803\",\"databaseURL\":\"https://wale-491803-default-rtdb.firebaseio.com\",\"storageBucket\":\"wale-491803.firebasestorage.app\"}","GCLOUD_PROJECT":"wale-491803","EVENTARC_CLOUD_EVENT_SOURCE":"projects/wale-491803/locations/us-central1/functions/notifyMessageRecipient"},"runtime":"nodejs22","buildId":"58688a53-55aa-4564-ad64-6a3f4f4b8a64","buildEnvironmentVariables":{"GOOGLE_NODE_RUN_SCRIPTS":""},"secretEnvironmentVariables":[{"key":"FUNCTIONS_CONFIG_EXPORT","projectId":"wale-491803","secret":"FUNCTIONS_CONFIG_EXPORT","version":"4"}],"buildName":"projects/916707769747/locations/us-central1/builds/58688a53-55aa-4564-ad64-6a3f4f4b8a64","dockerRegistry":"ARTIFACT_REGISTRY","automaticUpdatePolicy":{},"buildServiceAccount":"projects/wale-491803/serviceAccounts/916707769747-compute@developer.gserviceaccount.com"},"versionId":"2","updateTime":"2026-04-02T19:36:32Z","buildId":"d175f595-c7dd-4a10-8cf3-e961fac14149","buildName":"projects/916707769747/locations/us-central1/builds/d175f595-c7dd-4a10-8cf3-e961fac14149"}}
[debug] [2026-04-02T19:36:59.346Z] [update-default-us-central1-adminMessageWebhook] Retrying task index 0
[debug] [2026-04-02T19:36:59.347Z] Checked if tokens are valid: true, expires at: 1775161291195
[debug] [2026-04-02T19:36:59.347Z] Checked if tokens are valid: true, expires at: 1775161291195
[debug] [2026-04-02T19:36:59.348Z] >>> [apiv2][query] GET https://cloudfunctions.googleapis.com/v1/operations/d2FsZS00OTE4MDMvdXMtY2VudHJhbDEvYWRtaW5NZXNzYWdlV2ViaG9vay9sb0hhSEFsYnRHZw [none]
[debug] [2026-04-02T19:36:59.351Z] [update-default-us-central1-notifyMessageRecipient] Retrying task index 0
[debug] [2026-04-02T19:36:59.351Z] Checked if tokens are valid: true, expires at: 1775161291195
[debug] [2026-04-02T19:36:59.351Z] Checked if tokens are valid: true, expires at: 1775161291195
[debug] [2026-04-02T19:36:59.352Z] >>> [apiv2][query] GET https://cloudfunctions.googleapis.com/v1/operations/d2FsZS00OTE4MDMvdXMtY2VudHJhbDEvbm90aWZ5TWVzc2FnZVJlY2lwaWVudC9XXzgtT3AwREYzTQ [none]
[debug] [2026-04-02T19:36:59.805Z] <<< [apiv2][status] GET https://cloudfunctions.googleapis.com/v1/operations/d2FsZS00OTE4MDMvdXMtY2VudHJhbDEvYWRtaW5NZXNzYWdlV2ViaG9vay9sb0hhSEFsYnRHZw 200
[debug] [2026-04-02T19:36:59.806Z] <<< [apiv2][body] GET https://cloudfunctions.googleapis.com/v1/operations/d2FsZS00OTE4MDMvdXMtY2VudHJhbDEvYWRtaW5NZXNzYWdlV2ViaG9vay9sb0hhSEFsYnRHZw {"name":"operations/d2FsZS00OTE4MDMvdXMtY2VudHJhbDEvYWRtaW5NZXNzYWdlV2ViaG9vay9sb0hhSEFsYnRHZw","metadata":{"@type":"type.googleapis.com/google.cloud.functions.v1.OperationMetadataV1","target":"projects/wale-491803/locations/us-central1/functions/adminMessageWebhook","type":"UPDATE_FUNCTION","request":{"@type":"type.googleapis.com/google.cloud.functions.v1.CloudFunction","name":"projects/wale-491803/locations/us-central1/functions/adminMessageWebhook","httpsTrigger":{"url":"https://us-central1-wale-491803.cloudfunctions.net/adminMessageWebhook","securityLevel":"SECURE_ALWAYS"},"status":"OFFLINE","entryPoint":"adminMessageWebhook","updateTime":"2026-04-02T19:31:05.321Z","versionId":"1","labels":{"deployment-tool":"cli-firebase","firebase-functions-hash":"87ed369c6e93b5dbd2d62618e45365784c0e8641"},"sourceUploadUrl":"https://storage.googleapis.com/uploads-730803098609.us-central1.cloudfunctions.appspot.com/240d9444-541e-4c4c-b158-0acbfb0f7f48.zip?GoogleAccessId=service-916707769747@gcf-admin-robot.iam.gserviceaccount.com&Expires=1775160351&Signature=UZvLTECamNlFqR54jKohm3dyd%2F%2FiTJ3WKSoDrmKH8SDu7ML3GT8m7ZH0qnUZyFM96asK1m5X1bmwxPDkhvzk6ExBr6c7SC5coF8wQMJ5B%2BXxgTjLHJ6PK%2Bw7%2BCwcXjLQnNqd%2BFXWFg467feom3VDnwsYr9WrxrgaHn5XN4BKV1dfAsMORDcH7ltnHWhq9b3QqsS02rfKseuQhXxrP4PEHEPT9xdNKoXDcpfbZSgAuruuh%2BDvvyMfx6in0boOq467jyfTpkx0wNh3CpRY2xoXDhhormLKdLKE13SWDhqgn%2F573dYIT4EKO1CchLNhnMh8RCwDK%2FELCUXp9uJdV1ftHw%3D%3D","environmentVariables":{"FIREBASE_CONFIG":"{\"projectId\":\"wale-491803\",\"databaseURL\":\"https://wale-491803-default-rtdb.firebaseio.com\",\"storageBucket\":\"wale-491803.firebasestorage.app\"}","GCLOUD_PROJECT":"wale-491803","EVENTARC_CLOUD_EVENT_SOURCE":"projects/wale-491803/locations/us-central1/functions/adminMessageWebhook"},"runtime":"nodejs22","buildId":"98528cfd-98f7-4787-8007-b726c306bac2","buildEnvironmentVariables":{"GOOGLE_NODE_RUN_SCRIPTS":""},"secretEnvironmentVariables":[{"key":"FUNCTIONS_CONFIG_EXPORT","projectId":"wale-491803","secret":"FUNCTIONS_CONFIG_EXPORT","version":"4"}],"buildName":"projects/916707769747/locations/us-central1/builds/98528cfd-98f7-4787-8007-b726c306bac2","dockerRegistry":"ARTIFACT_REGISTRY","automaticUpdatePolicy":{},"buildServiceAccount":"projects/wale-491803/serviceAccounts/916707769747-compute@developer.gserviceaccount.com"},"versionId":"2","updateTime":"2026-04-02T19:36:32Z","buildId":"63b33112-6170-409d-a5d4-f4a22cd797b4","buildName":"projects/916707769747/locations/us-central1/builds/63b33112-6170-409d-a5d4-f4a22cd797b4"}}
[debug] [2026-04-02T19:36:59.811Z] <<< [apiv2][status] GET https://cloudfunctions.googleapis.com/v1/operations/d2FsZS00OTE4MDMvdXMtY2VudHJhbDEvbm90aWZ5TWVzc2FnZVJlY2lwaWVudC9XXzgtT3AwREYzTQ 200
[debug] [2026-04-02T19:36:59.812Z] <<< [apiv2][body] GET https://cloudfunctions.googleapis.com/v1/operations/d2FsZS00OTE4MDMvdXMtY2VudHJhbDEvbm90aWZ5TWVzc2FnZVJlY2lwaWVudC9XXzgtT3AwREYzTQ {"name":"operations/d2FsZS00OTE4MDMvdXMtY2VudHJhbDEvbm90aWZ5TWVzc2FnZVJlY2lwaWVudC9XXzgtT3AwREYzTQ","metadata":{"@type":"type.googleapis.com/google.cloud.functions.v1.OperationMetadataV1","target":"projects/wale-491803/locations/us-central1/functions/notifyMessageRecipient","type":"UPDATE_FUNCTION","request":{"@type":"type.googleapis.com/google.cloud.functions.v1.CloudFunction","name":"projects/wale-491803/locations/us-central1/functions/notifyMessageRecipient","eventTrigger":{"eventType":"providers/cloud.firestore/eventTypes/document.create","resource":"projects/wale-491803/databases/(default)/documents/messages/{messageId}","service":"firestore.googleapis.com"},"status":"OFFLINE","entryPoint":"notifyMessageRecipient","updateTime":"2026-04-02T19:31:03.169Z","versionId":"1","labels":{"deployment-tool":"cli-firebase","firebase-functions-hash":"87ed369c6e93b5dbd2d62618e45365784c0e8641"},"sourceUploadUrl":"https://storage.googleapis.com/uploads-730803098609.us-central1.cloudfunctions.appspot.com/240d9444-541e-4c4c-b158-0acbfb0f7f48.zip?GoogleAccessId=service-916707769747@gcf-admin-robot.iam.gserviceaccount.com&Expires=1775160351&Signature=UZvLTECamNlFqR54jKohm3dyd%2F%2FiTJ3WKSoDrmKH8SDu7ML3GT8m7ZH0qnUZyFM96asK1m5X1bmwxPDkhvzk6ExBr6c7SC5coF8wQMJ5B%2BXxgTjLHJ6PK%2Bw7%2BCwcXjLQnNqd%2BFXWFg467feom3VDnwsYr9WrxrgaHn5XN4BKV1dfAsMORDcH7ltnHWhq9b3QqsS02rfKseuQhXxrP4PEHEPT9xdNKoXDcpfbZSgAuruuh%2BDvvyMfx6in0boOq467jyfTpkx0wNh3CpRY2xoXDhhormLKdLKE13SWDhqgn%2F573dYIT4EKO1CchLNhnMh8RCwDK%2FELCUXp9uJdV1ftHw%3D%3D","environmentVariables":{"FIREBASE_CONFIG":"{\"projectId\":\"wale-491803\",\"databaseURL\":\"https://wale-491803-default-rtdb.firebaseio.com\",\"storageBucket\":\"wale-491803.firebasestorage.app\"}","GCLOUD_PROJECT":"wale-491803","EVENTARC_CLOUD_EVENT_SOURCE":"projects/wale-491803/locations/us-central1/functions/notifyMessageRecipient"},"runtime":"nodejs22","buildId":"58688a53-55aa-4564-ad64-6a3f4f4b8a64","buildEnvironmentVariables":{"GOOGLE_NODE_RUN_SCRIPTS":""},"secretEnvironmentVariables":[{"key":"FUNCTIONS_CONFIG_EXPORT","projectId":"wale-491803","secret":"FUNCTIONS_CONFIG_EXPORT","version":"4"}],"buildName":"projects/916707769747/locations/us-central1/builds/58688a53-55aa-4564-ad64-6a3f4f4b8a64","dockerRegistry":"ARTIFACT_REGISTRY","automaticUpdatePolicy":{},"buildServiceAccount":"projects/wale-491803/serviceAccounts/916707769747-compute@developer.gserviceaccount.com"},"versionId":"2","updateTime":"2026-04-02T19:36:32Z","buildId":"d175f595-c7dd-4a10-8cf3-e961fac14149","buildName":"projects/916707769747/locations/us-central1/builds/d175f595-c7dd-4a10-8cf3-e961fac14149"}}
[debug] [2026-04-02T19:37:09.817Z] [update-default-us-central1-adminMessageWebhook] Retrying task index 0
[debug] [2026-04-02T19:37:09.817Z] Checked if tokens are valid: true, expires at: 1775161291195
[debug] [2026-04-02T19:37:09.817Z] Checked if tokens are valid: true, expires at: 1775161291195
[debug] [2026-04-02T19:37:09.818Z] >>> [apiv2][query] GET https://cloudfunctions.googleapis.com/v1/operations/d2FsZS00OTE4MDMvdXMtY2VudHJhbDEvYWRtaW5NZXNzYWdlV2ViaG9vay9sb0hhSEFsYnRHZw [none]
[debug] [2026-04-02T19:37:09.822Z] [update-default-us-central1-notifyMessageRecipient] Retrying task index 0
[debug] [2026-04-02T19:37:09.822Z] Checked if tokens are valid: true, expires at: 1775161291195
[debug] [2026-04-02T19:37:09.823Z] Checked if tokens are valid: true, expires at: 1775161291195
[debug] [2026-04-02T19:37:09.823Z] >>> [apiv2][query] GET https://cloudfunctions.googleapis.com/v1/operations/d2FsZS00OTE4MDMvdXMtY2VudHJhbDEvbm90aWZ5TWVzc2FnZVJlY2lwaWVudC9XXzgtT3AwREYzTQ [none]
[debug] [2026-04-02T19:37:10.292Z] <<< [apiv2][status] GET https://cloudfunctions.googleapis.com/v1/operations/d2FsZS00OTE4MDMvdXMtY2VudHJhbDEvYWRtaW5NZXNzYWdlV2ViaG9vay9sb0hhSEFsYnRHZw 200
[debug] [2026-04-02T19:37:10.292Z] <<< [apiv2][body] GET https://cloudfunctions.googleapis.com/v1/operations/d2FsZS00OTE4MDMvdXMtY2VudHJhbDEvYWRtaW5NZXNzYWdlV2ViaG9vay9sb0hhSEFsYnRHZw {"name":"operations/d2FsZS00OTE4MDMvdXMtY2VudHJhbDEvYWRtaW5NZXNzYWdlV2ViaG9vay9sb0hhSEFsYnRHZw","metadata":{"@type":"type.googleapis.com/google.cloud.functions.v1.OperationMetadataV1","target":"projects/wale-491803/locations/us-central1/functions/adminMessageWebhook","type":"UPDATE_FUNCTION","request":{"@type":"type.googleapis.com/google.cloud.functions.v1.CloudFunction","name":"projects/wale-491803/locations/us-central1/functions/adminMessageWebhook","httpsTrigger":{"url":"https://us-central1-wale-491803.cloudfunctions.net/adminMessageWebhook","securityLevel":"SECURE_ALWAYS"},"status":"OFFLINE","entryPoint":"adminMessageWebhook","updateTime":"2026-04-02T19:31:05.321Z","versionId":"1","labels":{"deployment-tool":"cli-firebase","firebase-functions-hash":"87ed369c6e93b5dbd2d62618e45365784c0e8641"},"sourceUploadUrl":"https://storage.googleapis.com/uploads-730803098609.us-central1.cloudfunctions.appspot.com/240d9444-541e-4c4c-b158-0acbfb0f7f48.zip?GoogleAccessId=service-916707769747@gcf-admin-robot.iam.gserviceaccount.com&Expires=1775160351&Signature=UZvLTECamNlFqR54jKohm3dyd%2F%2FiTJ3WKSoDrmKH8SDu7ML3GT8m7ZH0qnUZyFM96asK1m5X1bmwxPDkhvzk6ExBr6c7SC5coF8wQMJ5B%2BXxgTjLHJ6PK%2Bw7%2BCwcXjLQnNqd%2BFXWFg467feom3VDnwsYr9WrxrgaHn5XN4BKV1dfAsMORDcH7ltnHWhq9b3QqsS02rfKseuQhXxrP4PEHEPT9xdNKoXDcpfbZSgAuruuh%2BDvvyMfx6in0boOq467jyfTpkx0wNh3CpRY2xoXDhhormLKdLKE13SWDhqgn%2F573dYIT4EKO1CchLNhnMh8RCwDK%2FELCUXp9uJdV1ftHw%3D%3D","environmentVariables":{"FIREBASE_CONFIG":"{\"projectId\":\"wale-491803\",\"databaseURL\":\"https://wale-491803-default-rtdb.firebaseio.com\",\"storageBucket\":\"wale-491803.firebasestorage.app\"}","GCLOUD_PROJECT":"wale-491803","EVENTARC_CLOUD_EVENT_SOURCE":"projects/wale-491803/locations/us-central1/functions/adminMessageWebhook"},"runtime":"nodejs22","buildId":"98528cfd-98f7-4787-8007-b726c306bac2","buildEnvironmentVariables":{"GOOGLE_NODE_RUN_SCRIPTS":""},"secretEnvironmentVariables":[{"key":"FUNCTIONS_CONFIG_EXPORT","projectId":"wale-491803","secret":"FUNCTIONS_CONFIG_EXPORT","version":"4"}],"buildName":"projects/916707769747/locations/us-central1/builds/98528cfd-98f7-4787-8007-b726c306bac2","dockerRegistry":"ARTIFACT_REGISTRY","automaticUpdatePolicy":{},"buildServiceAccount":"projects/wale-491803/serviceAccounts/916707769747-compute@developer.gserviceaccount.com"},"versionId":"2","updateTime":"2026-04-02T19:37:02Z","buildId":"63b33112-6170-409d-a5d4-f4a22cd797b4","buildName":"projects/916707769747/locations/us-central1/builds/63b33112-6170-409d-a5d4-f4a22cd797b4"},"done":true,"error":{"code":3,"message":"Build failed: npm error code EUSAGE\nnpm error\nnpm error `npm ci` can only install packages when your package.json and package-lock.json or npm-shrinkwrap.json are in sync. Please update your lock file with `npm install` before continuing.\nnpm error\nnpm error Missing: acorn@8.16.0 from lock file\nnpm error Missing: @types/markdown-it@14.1.2 from lock file\nnpm error Missing: markdown-it@14.1.1 from lock file\nnpm error\nnpm error Clean install a project\nnpm error\nnpm error Usage:\nnpm error npm ci\nnpm error\nnpm error Options:\nnpm error [--install-strategy <hoisted|nested|shallow|linked>] [--legacy-bundling]\nnpm error [--global-style] [--omit <dev|optional|peer> [--omit <dev|optional|peer> ...]]\nnpm error [--include <prod|dev|optional|peer> [--include <prod|dev|optional|peer> ...]]\nnpm error [--strict-peer-deps] [--foreground-scripts] [--ignore-scripts] [--no-audit]\nnpm error [--no-bin-links] [--no-fund] [--dry-run]\nnpm error [-w|--workspace <workspace-name> [-w|--workspace <workspace-name> ...]]\nnpm error [-ws|--workspaces] [--include-workspace-root] [--install-links]\nnpm error\nnpm error aliases: clean-install, ic, install-clean, isntall-clean\nnpm error\nnpm error Run \"npm help ci\" for more info\nnpm error A complete log of this run can be found in: /www-data-home/.npm/_logs/2026-04-02T19_36_45_212Z-debug-0.log; Error ID: 7fa33aaa"}}
[debug] [2026-04-02T19:37:10.293Z] Got source token undefined for region us-central1
[error] Build failed: npm error code EUSAGE
npm error
npm error `npm ci` can only install packages when your package.json and package-lock.json or npm-shrinkwrap.json are in sync. Please update your lock file with `npm install` before continuing.
npm error
npm error Missing: acorn@8.16.0 from lock file
npm error Missing: @types/markdown-it@14.1.2 from lock file
npm error Missing: markdown-it@14.1.1 from lock file
npm error
npm error Clean install a project
npm error
npm error Usage:
npm error npm ci
npm error
npm error Options:
npm error [--install-strategy <hoisted|nested|shallow|linked>] [--legacy-bundling]
npm error [--global-style] [--omit <dev|optional|peer> [--omit <dev|optional|peer> ...]]
npm error [--include <prod|dev|optional|peer> [--include <prod|dev|optional|peer> ...]]
npm error [--strict-peer-deps] [--foreground-scripts] [--ignore-scripts] [--no-audit]
npm error [--no-bin-links] [--no-fund] [--dry-run]
npm error [-w|--workspace <workspace-name> [-w|--workspace <workspace-name> ...]]
npm error [-ws|--workspaces] [--include-workspace-root] [--install-links]
npm error
npm error aliases: clean-install, ic, install-clean, isntall-clean
npm error
npm error Run "npm help ci" for more info
npm error A complete log of this run can be found in: /www-data-home/.npm/_logs/2026-04-02T19_36_45_212Z-debug-0.log; Error ID: 7fa33aaa
[debug] [2026-04-02T19:37:10.313Z] <<< [apiv2][status] GET https://cloudfunctions.googleapis.com/v1/operations/d2FsZS00OTE4MDMvdXMtY2VudHJhbDEvbm90aWZ5TWVzc2FnZVJlY2lwaWVudC9XXzgtT3AwREYzTQ 200
[debug] [2026-04-02T19:37:10.314Z] <<< [apiv2][body] GET https://cloudfunctions.googleapis.com/v1/operations/d2FsZS00OTE4MDMvdXMtY2VudHJhbDEvbm90aWZ5TWVzc2FnZVJlY2lwaWVudC9XXzgtT3AwREYzTQ {"name":"operations/d2FsZS00OTE4MDMvdXMtY2VudHJhbDEvbm90aWZ5TWVzc2FnZVJlY2lwaWVudC9XXzgtT3AwREYzTQ","metadata":{"@type":"type.googleapis.com/google.cloud.functions.v1.OperationMetadataV1","target":"projects/wale-491803/locations/us-central1/functions/notifyMessageRecipient","type":"UPDATE_FUNCTION","request":{"@type":"type.googleapis.com/google.cloud.functions.v1.CloudFunction","name":"projects/wale-491803/locations/us-central1/functions/notifyMessageRecipient","eventTrigger":{"eventType":"providers/cloud.firestore/eventTypes/document.create","resource":"projects/wale-491803/databases/(default)/documents/messages/{messageId}","service":"firestore.googleapis.com"},"status":"OFFLINE","entryPoint":"notifyMessageRecipient","updateTime":"2026-04-02T19:31:03.169Z","versionId":"1","labels":{"deployment-tool":"cli-firebase","firebase-functions-hash":"87ed369c6e93b5dbd2d62618e45365784c0e8641"},"sourceUploadUrl":"https://storage.googleapis.com/uploads-730803098609.us-central1.cloudfunctions.appspot.com/240d9444-541e-4c4c-b158-0acbfb0f7f48.zip?GoogleAccessId=service-916707769747@gcf-admin-robot.iam.gserviceaccount.com&Expires=1775160351&Signature=UZvLTECamNlFqR54jKohm3dyd%2F%2FiTJ3WKSoDrmKH8SDu7ML3GT8m7ZH0qnUZyFM96asK1m5X1bmwxPDkhvzk6ExBr6c7SC5coF8wQMJ5B%2BXxgTjLHJ6PK%2Bw7%2BCwcXjLQnNqd%2BFXWFg467feom3VDnwsYr9WrxrgaHn5XN4BKV1dfAsMORDcH7ltnHWhq9b3QqsS02rfKseuQhXxrP4PEHEPT9xdNKoXDcpfbZSgAuruuh%2BDvvyMfx6in0boOq467jyfTpkx0wNh3CpRY2xoXDhhormLKdLKE13SWDhqgn%2F573dYIT4EKO1CchLNhnMh8RCwDK%2FELCUXp9uJdV1ftHw%3D%3D","environmentVariables":{"FIREBASE_CONFIG":"{\"projectId\":\"wale-491803\",\"databaseURL\":\"https://wale-491803-default-rtdb.firebaseio.com\",\"storageBucket\":\"wale-491803.firebasestorage.app\"}","GCLOUD_PROJECT":"wale-491803","EVENTARC_CLOUD_EVENT_SOURCE":"projects/wale-491803/locations/us-central1/functions/notifyMessageRecipient"},"runtime":"nodejs22","buildId":"58688a53-55aa-4564-ad64-6a3f4f4b8a64","buildEnvironmentVariables":{"GOOGLE_NODE_RUN_SCRIPTS":""},"secretEnvironmentVariables":[{"key":"FUNCTIONS_CONFIG_EXPORT","projectId":"wale-491803","secret":"FUNCTIONS_CONFIG_EXPORT","version":"4"}],"buildName":"projects/916707769747/locations/us-central1/builds/58688a53-55aa-4564-ad64-6a3f4f4b8a64","dockerRegistry":"ARTIFACT_REGISTRY","automaticUpdatePolicy":{},"buildServiceAccount":"projects/wale-491803/serviceAccounts/916707769747-compute@developer.gserviceaccount.com"},"versionId":"2","updateTime":"2026-04-02T19:37:08Z","buildId":"d175f595-c7dd-4a10-8cf3-e961fac14149","buildName":"projects/916707769747/locations/us-central1/builds/d175f595-c7dd-4a10-8cf3-e961fac14149"},"done":true,"error":{"code":3,"message":"Build failed: npm error code EUSAGE\nnpm error\nnpm error `npm ci` can only install packages when your package.json and package-lock.json or npm-shrinkwrap.json are in sync. Please update your lock file with `npm install` before continuing.\nnpm error\nnpm error Missing: acorn@8.16.0 from lock file\nnpm error Missing: @types/markdown-it@14.1.2 from lock file\nnpm error Missing: markdown-it@14.1.1 from lock file\nnpm error\nnpm error Clean install a project\nnpm error\nnpm error Usage:\nnpm error npm ci\nnpm error\nnpm error Options:\nnpm error [--install-strategy <hoisted|nested|shallow|linked>] [--legacy-bundling]\nnpm error [--global-style] [--omit <dev|optional|peer> [--omit <dev|optional|peer> ...]]\nnpm error [--include <prod|dev|optional|peer> [--include <prod|dev|optional|peer> ...]]\nnpm error [--strict-peer-deps] [--foreground-scripts] [--ignore-scripts] [--no-audit]\nnpm error [--no-bin-links] [--no-fund] [--dry-run]\nnpm error [-w|--workspace <workspace-name> [-w|--workspace <workspace-name> ...]]\nnpm error [-ws|--workspaces] [--include-workspace-root] [--install-links]\nnpm error\nnpm error aliases: clean-install, ic, install-clean, isntall-clean\nnpm error\nnpm error Run \"npm help ci\" for more info\nnpm error A complete log of this run can be found in: /www-data-home/.npm/_logs/2026-04-02T19_36_50_798Z-debug-0.log; Error ID: 7fa33aaa"}}
[debug] [2026-04-02T19:37:10.314Z] Got source token undefined for region us-central1
[error] Build failed: npm error code EUSAGE
npm error
npm error `npm ci` can only install packages when your package.json and package-lock.json or npm-shrinkwrap.json are in sync. Please update your lock file with `npm install` before continuing.
npm error
npm error Missing: acorn@8.16.0 from lock file
npm error Missing: @types/markdown-it@14.1.2 from lock file
npm error Missing: markdown-it@14.1.1 from lock file
npm error
npm error Clean install a project
npm error
npm error Usage:
npm error npm ci
npm error
npm error Options:
npm error [--install-strategy <hoisted|nested|shallow|linked>] [--legacy-bundling]
npm error [--global-style] [--omit <dev|optional|peer> [--omit <dev|optional|peer> ...]]
npm error [--include <prod|dev|optional|peer> [--include <prod|dev|optional|peer> ...]]
npm error [--strict-peer-deps] [--foreground-scripts] [--ignore-scripts] [--no-audit]
npm error [--no-bin-links] [--no-fund] [--dry-run]
npm error [-w|--workspace <workspace-name> [-w|--workspace <workspace-name> ...]]
npm error [-ws|--workspaces] [--include-workspace-root] [--install-links]
npm error
npm error aliases: clean-install, ic, install-clean, isntall-clean
npm error
npm error Run "npm help ci" for more info
npm error A complete log of this run can be found in: /www-data-home/.npm/_logs/2026-04-02T19_36_50_798Z-debug-0.log; Error ID: 7fa33aaa
[debug] [2026-04-02T19:37:10.349Z] Total Function Deployment time: 77342
[debug] [2026-04-02T19:37:10.349Z] 3 Functions Deployed
[debug] [2026-04-02T19:37:10.349Z] 3 Functions Errored
[debug] [2026-04-02T19:37:10.349Z] 0 Function Deployments Aborted
[debug] [2026-04-02T19:37:10.349Z] Average Function Deployment time: 64469
[info] 
[info] Functions deploy had errors with the following functions:
	adminMessageWebhook(us-central1)
	getPostsCsv(us-central1)
	notifyMessageRecipient(us-central1)
[debug] [2026-04-02T19:37:10.700Z] Not printing URL for HTTPS function. Typically this means it didn't match a filter or we failed deployment
[debug] [2026-04-02T19:37:10.702Z] Checked if tokens are valid: true, expires at: 1775161291195
[debug] [2026-04-02T19:37:10.702Z] Checked if tokens are valid: true, expires at: 1775161291195
[debug] [2026-04-02T19:37:10.702Z] >>> [apiv2][query] GET https://artifactregistry.googleapis.com/v1/projects/wale-491803/locations/us-central1/repositories/gcf-artifacts [none]
[debug] [2026-04-02T19:37:11.749Z] <<< [apiv2][status] GET https://artifactregistry.googleapis.com/v1/projects/wale-491803/locations/us-central1/repositories/gcf-artifacts 200
[debug] [2026-04-02T19:37:11.750Z] <<< [apiv2][body] GET https://artifactregistry.googleapis.com/v1/projects/wale-491803/locations/us-central1/repositories/gcf-artifacts {"name":"projects/wale-491803/locations/us-central1/repositories/gcf-artifacts","format":"DOCKER","description":"This repository is created and used by Cloud Functions for storing function docker images.","labels":{"goog-managed-by":"cloudfunctions"},"createTime":"2026-04-02T19:29:27.015342Z","updateTime":"2026-04-02T19:32:40.413848Z","mode":"STANDARD_REPOSITORY","cleanupPolicies":{"firebase-functions-cleanup":{"id":"firebase-functions-cleanup","action":"DELETE","condition":{"tagState":"ANY","olderThan":"86400s"}}},"vulnerabilityScanningConfig":{"lastEnableTime":"2026-04-02T19:29:17.453195524Z","enablementState":"SCANNING_DISABLED","enablementStateReason":"API containerscanning.googleapis.com is not enabled."},"satisfiesPzi":true,"registryUri":"us-central1-docker.pkg.dev/wale-491803/gcf-artifacts"}
[debug] [2026-04-02T19:37:11.751Z] Functions deploy failed.
[debug] [2026-04-02T19:37:11.751Z] {
  "endpoint": {
    "id": "getPostsCsv",
    "project": "wale-491803",
    "region": "us-central1",
    "entryPoint": "getPostsCsv",
    "platform": "gcfv1",
    "runtime": "nodejs22",
    "callableTrigger": {},
    "labels": {
      "deployment-tool": "cli-firebase"
    },
    "serviceAccount": null,
    "ingressSettings": null,
    "availableMemoryMb": null,
    "timeoutSeconds": null,
    "maxInstances": null,
    "minInstances": null,
    "vpc": null,
    "environmentVariables": {
      "FIREBASE_CONFIG": "{\"projectId\":\"wale-491803\",\"databaseURL\":\"https://wale-491803-default-rtdb.firebaseio.com\",\"storageBucket\":\"wale-491803.firebasestorage.app\"}",
      "GCLOUD_PROJECT": "wale-491803",
      "EVENTARC_CLOUD_EVENT_SOURCE": "projects/wale-491803/locations/us-central1/functions/getPostsCsv"
    },
    "codebase": "default",
    "securityLevel": "SECURE_ALWAYS",
    "targetedByOnly": false,
    "hash": "f8a00ea8f3cf26058626d75b231fa739e944913e"
  },
  "op": "update",
  "original": {
    "name": "FirebaseError",
    "children": [],
    "exit": 1,
    "message": "Build failed: npm error code EUSAGE\nnpm error\nnpm error `npm ci` can only install packages when your package.json and package-lock.json or npm-shrinkwrap.json are in sync. Please update your lock file with `npm install` before continuing.\nnpm error\nnpm error Missing: acorn@8.16.0 from lock file\nnpm error Missing: @types/markdown-it@14.1.2 from lock file\nnpm error Missing: markdown-it@14.1.1 from lock file\nnpm error\nnpm error Clean install a project\nnpm error\nnpm error Usage:\nnpm error npm ci\nnpm error\nnpm error Options:\nnpm error [--install-strategy <hoisted|nested|shallow|linked>] [--legacy-bundling]\nnpm error [--global-style] [--omit <dev|optional|peer> [--omit <dev|optional|peer> ...]]\nnpm error [--include <prod|dev|optional|peer> [--include <prod|dev|optional|peer> ...]]\nnpm error [--strict-peer-deps] [--foreground-scripts] [--ignore-scripts] [--no-audit]\nnpm error [--no-bin-links] [--no-fund] [--dry-run]\nnpm error [-w|--workspace <workspace-name> [-w|--workspace <workspace-name> ...]]\nnpm error [-ws|--workspaces] [--include-workspace-root] [--install-links]\nnpm error\nnpm error aliases: clean-install, ic, install-clean, isntall-clean\nnpm error\nnpm error Run \"npm help ci\" for more info\nnpm error A complete log of this run can be found in: /www-data-home/.npm/_logs/2026-04-02T19_36_06_794Z-debug-0.log; Error ID: 7fa33aaa",
    "original": {
      "code": 3,
      "message": "Build failed: npm error code EUSAGE\nnpm error\nnpm error `npm ci` can only install packages when your package.json and package-lock.json or npm-shrinkwrap.json are in sync. Please update your lock file with `npm install` before continuing.\nnpm error\nnpm error Missing: acorn@8.16.0 from lock file\nnpm error Missing: @types/markdown-it@14.1.2 from lock file\nnpm error Missing: markdown-it@14.1.1 from lock file\nnpm error\nnpm error Clean install a project\nnpm error\nnpm error Usage:\nnpm error npm ci\nnpm error\nnpm error Options:\nnpm error [--install-strategy <hoisted|nested|shallow|linked>] [--legacy-bundling]\nnpm error [--global-style] [--omit <dev|optional|peer> [--omit <dev|optional|peer> ...]]\nnpm error [--include <prod|dev|optional|peer> [--include <prod|dev|optional|peer> ...]]\nnpm error [--strict-peer-deps] [--foreground-scripts] [--ignore-scripts] [--no-audit]\nnpm error [--no-bin-links] [--no-fund] [--dry-run]\nnpm error [-w|--workspace <workspace-name> [-w|--workspace <workspace-name> ...]]\nnpm error [-ws|--workspaces] [--include-workspace-root] [--install-links]\nnpm error\nnpm error aliases: clean-install, ic, install-clean, isntall-clean\nnpm error\nnpm error Run \"npm help ci\" for more info\nnpm error A complete log of this run can be found in: /www-data-home/.npm/_logs/2026-04-02T19_36_06_794Z-debug-0.log; Error ID: 7fa33aaa"
    },
    "status": 3,
    "code": 3
  }
}
[debug] [2026-04-02T19:37:11.751Z] {
  "endpoint": {
    "id": "adminMessageWebhook",
    "project": "wale-491803",
    "region": "us-central1",
    "entryPoint": "adminMessageWebhook",
    "platform": "gcfv1",
    "runtime": "nodejs22",
    "httpsTrigger": {},
    "secretEnvironmentVariables": [
      {
        "key": "FUNCTIONS_CONFIG_EXPORT",
        "secret": "FUNCTIONS_CONFIG_EXPORT",
        "projectId": "wale-491803",
        "version": "4"
      }
    ],
    "serviceAccount": null,
    "ingressSettings": null,
    "availableMemoryMb": null,
    "timeoutSeconds": null,
    "maxInstances": null,
    "minInstances": null,
    "vpc": null,
    "environmentVariables": {
      "FIREBASE_CONFIG": "{\"projectId\":\"wale-491803\",\"databaseURL\":\"https://wale-491803-default-rtdb.firebaseio.com\",\"storageBucket\":\"wale-491803.firebasestorage.app\"}",
      "GCLOUD_PROJECT": "wale-491803",
      "EVENTARC_CLOUD_EVENT_SOURCE": "projects/wale-491803/locations/us-central1/functions/adminMessageWebhook"
    },
    "codebase": "default",
    "securityLevel": "SECURE_ALWAYS",
    "targetedByOnly": false,
    "hash": "87ed369c6e93b5dbd2d62618e45365784c0e8641",
    "labels": {
      "deployment-tool": "cli-firebase"
    }
  },
  "op": "update",
  "original": {
    "name": "FirebaseError",
    "children": [],
    "exit": 1,
    "message": "Build failed: npm error code EUSAGE\nnpm error\nnpm error `npm ci` can only install packages when your package.json and package-lock.json or npm-shrinkwrap.json are in sync. Please update your lock file with `npm install` before continuing.\nnpm error\nnpm error Missing: acorn@8.16.0 from lock file\nnpm error Missing: @types/markdown-it@14.1.2 from lock file\nnpm error Missing: markdown-it@14.1.1 from lock file\nnpm error\nnpm error Clean install a project\nnpm error\nnpm error Usage:\nnpm error npm ci\nnpm error\nnpm error Options:\nnpm error [--install-strategy <hoisted|nested|shallow|linked>] [--legacy-bundling]\nnpm error [--global-style] [--omit <dev|optional|peer> [--omit <dev|optional|peer> ...]]\nnpm error [--include <prod|dev|optional|peer> [--include <prod|dev|optional|peer> ...]]\nnpm error [--strict-peer-deps] [--foreground-scripts] [--ignore-scripts] [--no-audit]\nnpm error [--no-bin-links] [--no-fund] [--dry-run]\nnpm error [-w|--workspace <workspace-name> [-w|--workspace <workspace-name> ...]]\nnpm error [-ws|--workspaces] [--include-workspace-root] [--install-links]\nnpm error\nnpm error aliases: clean-install, ic, install-clean, isntall-clean\nnpm error\nnpm error Run \"npm help ci\" for more info\nnpm error A complete log of this run can be found in: /www-data-home/.npm/_logs/2026-04-02T19_36_45_212Z-debug-0.log; Error ID: 7fa33aaa",
    "original": {
      "code": 3,
      "message": "Build failed: npm error code EUSAGE\nnpm error\nnpm error `npm ci` can only install packages when your package.json and package-lock.json or npm-shrinkwrap.json are in sync. Please update your lock file with `npm install` before continuing.\nnpm error\nnpm error Missing: acorn@8.16.0 from lock file\nnpm error Missing: @types/markdown-it@14.1.2 from lock file\nnpm error Missing: markdown-it@14.1.1 from lock file\nnpm error\nnpm error Clean install a project\nnpm error\nnpm error Usage:\nnpm error npm ci\nnpm error\nnpm error Options:\nnpm error [--install-strategy <hoisted|nested|shallow|linked>] [--legacy-bundling]\nnpm error [--global-style] [--omit <dev|optional|peer> [--omit <dev|optional|peer> ...]]\nnpm error [--include <prod|dev|optional|peer> [--include <prod|dev|optional|peer> ...]]\nnpm error [--strict-peer-deps] [--foreground-scripts] [--ignore-scripts] [--no-audit]\nnpm error [--no-bin-links] [--no-fund] [--dry-run]\nnpm error [-w|--workspace <workspace-name> [-w|--workspace <workspace-name> ...]]\nnpm error [-ws|--workspaces] [--include-workspace-root] [--install-links]\nnpm error\nnpm error aliases: clean-install, ic, install-clean, isntall-clean\nnpm error\nnpm error Run \"npm help ci\" for more info\nnpm error A complete log of this run can be found in: /www-data-home/.npm/_logs/2026-04-02T19_36_45_212Z-debug-0.log; Error ID: 7fa33aaa"
    },
    "status": 3,
    "code": 3
  }
}
[debug] [2026-04-02T19:37:11.752Z] {
  "endpoint": {
    "id": "notifyMessageRecipient",
    "project": "wale-491803",
    "region": "us-central1",
    "entryPoint": "notifyMessageRecipient",
    "platform": "gcfv1",
    "runtime": "nodejs22",
    "eventTrigger": {
      "eventType": "providers/cloud.firestore/eventTypes/document.create",
      "retry": false,
      "eventFilters": {
        "resource": "projects/wale-491803/databases/(default)/documents/messages/{messageId}"
      }
    },
    "labels": {
      "deployment-tool": "cli-firebase"
    },
    "secretEnvironmentVariables": [
      {
        "key": "FUNCTIONS_CONFIG_EXPORT",
        "secret": "FUNCTIONS_CONFIG_EXPORT",
        "projectId": "wale-491803",
        "version": "4"
      }
    ],
    "serviceAccount": null,
    "ingressSettings": null,
    "availableMemoryMb": null,
    "timeoutSeconds": null,
    "maxInstances": null,
    "minInstances": null,
    "vpc": null,
    "environmentVariables": {
      "FIREBASE_CONFIG": "{\"projectId\":\"wale-491803\",\"databaseURL\":\"https://wale-491803-default-rtdb.firebaseio.com\",\"storageBucket\":\"wale-491803.firebasestorage.app\"}",
      "GCLOUD_PROJECT": "wale-491803",
      "EVENTARC_CLOUD_EVENT_SOURCE": "projects/wale-491803/locations/us-central1/functions/notifyMessageRecipient"
    },
    "codebase": "default",
    "securityLevel": "SECURE_ALWAYS",
    "targetedByOnly": false,
    "hash": "87ed369c6e93b5dbd2d62618e45365784c0e8641"
  },
  "op": "update",
  "original": {
    "name": "FirebaseError",
    "children": [],
    "exit": 1,
    "message": "Build failed: npm error code EUSAGE\nnpm error\nnpm error `npm ci` can only install packages when your package.json and package-lock.json or npm-shrinkwrap.json are in sync. Please update your lock file with `npm install` before continuing.\nnpm error\nnpm error Missing: acorn@8.16.0 from lock file\nnpm error Missing: @types/markdown-it@14.1.2 from lock file\nnpm error Missing: markdown-it@14.1.1 from lock file\nnpm error\nnpm error Clean install a project\nnpm error\nnpm error Usage:\nnpm error npm ci\nnpm error\nnpm error Options:\nnpm error [--install-strategy <hoisted|nested|shallow|linked>] [--legacy-bundling]\nnpm error [--global-style] [--omit <dev|optional|peer> [--omit <dev|optional|peer> ...]]\nnpm error [--include <prod|dev|optional|peer> [--include <prod|dev|optional|peer> ...]]\nnpm error [--strict-peer-deps] [--foreground-scripts] [--ignore-scripts] [--no-audit]\nnpm error [--no-bin-links] [--no-fund] [--dry-run]\nnpm error [-w|--workspace <workspace-name> [-w|--workspace <workspace-name> ...]]\nnpm error [-ws|--workspaces] [--include-workspace-root] [--install-links]\nnpm error\nnpm error aliases: clean-install, ic, install-clean, isntall-clean\nnpm error\nnpm error Run \"npm help ci\" for more info\nnpm error A complete log of this run can be found in: /www-data-home/.npm/_logs/2026-04-02T19_36_50_798Z-debug-0.log; Error ID: 7fa33aaa",
    "original": {
      "code": 3,
      "message": "Build failed: npm error code EUSAGE\nnpm error\nnpm error `npm ci` can only install packages when your package.json and package-lock.json or npm-shrinkwrap.json are in sync. Please update your lock file with `npm install` before continuing.\nnpm error\nnpm error Missing: acorn@8.16.0 from lock file\nnpm error Missing: @types/markdown-it@14.1.2 from lock file\nnpm error Missing: markdown-it@14.1.1 from lock file\nnpm error\nnpm error Clean install a project\nnpm error\nnpm error Usage:\nnpm error npm ci\nnpm error\nnpm error Options:\nnpm error [--install-strategy <hoisted|nested|shallow|linked>] [--legacy-bundling]\nnpm error [--global-style] [--omit <dev|optional|peer> [--omit <dev|optional|peer> ...]]\nnpm error [--include <prod|dev|optional|peer> [--include <prod|dev|optional|peer> ...]]\nnpm error [--strict-peer-deps] [--foreground-scripts] [--ignore-scripts] [--no-audit]\nnpm error [--no-bin-links] [--no-fund] [--dry-run]\nnpm error [-w|--workspace <workspace-name> [-w|--workspace <workspace-name> ...]]\nnpm error [-ws|--workspaces] [--include-workspace-root] [--install-links]\nnpm error\nnpm error aliases: clean-install, ic, install-clean, isntall-clean\nnpm error\nnpm error Run \"npm help ci\" for more info\nnpm error A complete log of this run can be found in: /www-data-home/.npm/_logs/2026-04-02T19_36_50_798Z-debug-0.log; Error ID: 7fa33aaa"
    },
    "status": 3,
    "code": 3
  }
}
[error] Error: There was an error deploying functions:
[error] - Error Failed to update function getPostsCsv in region us-central1
[error] - Error Failed to update function adminMessageWebhook in region us-central1
[error] - Error Failed to update function notifyMessageRecipient in region us-central1
